Sample,Collection,Ware,tomb,component,MgO,Al2O3,SiO2,K2O,CaO,Fe2O3,Mg,Al,Si,K,Ca,Fe,Ti,Mn,Ni,Zn,Rb,Sr,Y,Zr,Nb,Pb
CA230126,San Damián,Piartal ,,black ,,,,,,,<LOD,79763,306645,10489,12726,27075,5368,325,9,34,,468,8,168,11,56
CA230126,San Damián,Piartal ,,cream,,,,,,,<LOD,79189,298918,10510,12795,29056,5140,397,9,37,,485,7,185,15,10
CA230126,San Damián,Piartal ,,fabric,<LOD,17.8,62.37,1.04,1.81,3.3,<LOD,94203,291529,8671,12914,23061,5002,380,<LOD,34,47,484,7,197,14,18
CA230126,San Damián,Piartal ,,red,,,,,,,<LOD,77543,270874,6839,8317,37782,5836,319,<LOD,39,,430,9,170,11,15
CA230127,San Damián,red slip,,fabric,<LOD,17.49,59.15,0.99,1.72,4.24,<LOD,92547,276469,8203,12291,29677,4449,546,<LOD,42,56,531,8,178,12,17
CA230127,San Damián,red slip,,red,,,,,,,<LOD,94577,278734,5388,8175,39972,5112,294,<LOD,41,,538,7,172,14,10
CA230128,San Damián,red slip,,fabric,<LOD,18.12,62.81,1.11,1.99,2.59,<LOD,95919,293609,9203,14254,18099,3900,321,17,43,57,474,7,114,8,<LOD
CA230128,San Damián,red slip,,red,,,,,,,<LOD,71546,269421,5420,10059,45910,7664,342,<LOD,34,,472,8,132,8,8
CA230129,San Damián,red slip,,fabric,<LOD,19.29,62.47,1.2,1.84,4.3,<LOD,102113,291992,9934,13138,30106,5248,336,<LOD,41,58,545,8,196,14,18
CA230129,San Damián,red slip,,red,,,,,,,<LOD,80984,257545,6321,8782,54868,7493,310,<LOD,31,,502,8,174,17,11
CA230130,San Damián,Piartal,,black ,,,,,,,<LOD,74762,271843,6545,11324,38485,5720,365,<LOD,32,,535,8,225,17,10
CA230130,San Damián,Piartal,,fabric,1.68,18.26,59.3,1.07,1.84,3.12,10126,96643,277200,8918,13126,21816,5329,372,<LOD,42,54,550,8,200,14,18
CA230130,San Damián,Piartal,,red,,,,,,,10374,75127,265434,6114,10687,38998,6750,340,<LOD,40,,523,9,214,17,10
CA230131,San Damián,Piartal,,black ,,,,,,,<LOD,67923,294994,9631,11475,39609,5116,283,<LOD,38,,473,9,187,14,13
CA230131,San Damián,Piartal,,cream,,,,,,,<LOD,66037,285776,9164,11308,33109,4670,320,9,49,,481,11,186,16,15
CA230131,San Damián,Piartal,,fabric,<LOD,17.39,61.87,1.04,1.74,3.18,<LOD,92049,289179,8666,12464,22270,4695,300,<LOD,32,48,475,8,184,16,<LOD
CA230131,San Damián,Piartal,,red,,,,,,,10313,80162,296463,8439,11052,34843,6478,382,8,33,,471,11,189,15,13
CA230132,San Damián,red slip,,fabric,1.67,18.32,61.03,1.21,1.73,2.45,10064,96962,285280,10064,12370,17157,4396,316,<LOD,35,50,457,6,186,18,19
CA230132,San Damián,red slip,,red,,,,,,,<LOD,77042,253138,6812,10149,32857,7073,266,7,34,,447,8,170,17,16
CA230133,San Damián,red slip,,black ,,,,,,,<LOD,75709,319954,8936,14386,21083,5111,311,<LOD,47,,465,6,188,13,13
CA230133,San Damián,red slip,,fabric,<LOD,19.37,59.17,1.01,1.81,2.79,<LOD,102504,276560,8412,12931,19543,4840,316,19,56,58,456,7,188,15,16
CA230133,San Damián,red slip,,red,,,,,,,<LOD,75391,272214,6263,11034,33796,7100,247,<LOD,43,,443,10,190,11,15
CA230134,San Damián,red slip,,fabric,1.67,19.99,61.36,1.04,1.82,2.74,10041,105816,286794,8627,13032,19147,6555,280,17,45,48,483,8,209,16,<LOD
CA230134,San Damián,red slip,,red,,,,,,,<LOD,79331,273033,6342,10247,33479,8310,221,8,34,,476,9,228,21,10
CA230135,San Damián,red slip,,fabric,<LOD,19.81,65.18,1.25,1.43,2.01,<LOD,104844,304663,10413,10214,14036,5374,264,<LOD,47,46,408,6,183,16,17
CA230135,San Damián,red slip,,red,,,,,,,<LOD,95876,291573,10717,9481,18003,6487,285,<LOD,41,,407,6,179,17,16
CA230136,San Damián,Piartal,,black ,,,,,,,10445,78430,323120,10698,16978,23910,5861,329,10,34,,530,8,209,19,16
CA230136,San Damián,Piartal,,cream,,,,,,,10328,81661,322077,10455,16974,23283,5347,290,<LOD,37,,547,6,210,19,15
CA230136,San Damián,Piartal,,fabric,<LOD,21.6,61.12,1.04,1.84,3,<LOD,114306,285695,8630,13170,21007,4553,327,17,39,52,524,6,201,14,16
CA230137,San Damián,Piartal? ,,black ,,,,,,,<LOD,77870,296315,10022,13837,17248,4987,291,17,29,,504,8,177,14,14
CA230137,San Damián,Piartal? ,,fabric,<LOD,18.91,66.18,1.24,1.9,1.86,<LOD,100102,309329,10335,13566,13022,4892,340,<LOD,37,48,507,8,192,15,19
CA230137,San Damián,Piartal? ,,red,,,,,,,<LOD,85100,306351,10339,12778,15854,5679,294,12,38,,492,8,171,12,23
CA230138,San Damián,red slip,,fabric,<LOD,21.52,62.91,1,2.07,1.77,<LOD,113912,294057,8303,14818,12347,4802,222,<LOD,45,46,537,9,155,<LOD,<LOD
CA230138,San Damián,red slip,,red,,,,,,,10347,80493,290835,7439,14145,24598,6898,223,<LOD,37,,529,10,141,7,11
CA230139,San Damián,Piartal ,,black ,,,,,,,10205,71533,315566,11451,14705,23711,4897,346,8,32,,576,8,215,17,17
CA230139,San Damián,Piartal ,,cream,,,,,,,10445,71204,324484,11210,15564,22143,4746,320,8,39,,581,9,200,16,14
CA230139,San Damián,Piartal ,,fabric,<LOD,17.74,64.52,1.28,2.04,2.86,<LOD,93908,301587,10638,14607,19971,4709,312,<LOD,44,56,571,9,182,13,16
CA230139,San Damián,Piartal ,,red,,,,,,,10510,78084,318266,10531,15181,26311,5276,357,17,39,,589,9,188,15,17
CA230140,San Damián,Tuza,,fabric,<LOD,20.88,56.32,1.11,1.59,3,<LOD,110526,263250,9217,11395,21018,6038,292,41,69,56,546,9,202,21,19
CA230140,San Damián,Tuza,,red,,,,,,,<LOD,75423,282614,8447,11989,27676,7663,279,29,42,,524,9,202,15,13
CA230141,San Damián,Piartal,,black ,,,,,,,<LOD,93850,285580,8317,11104,19437,6757,209,10,43,,450,7,162,9,12
CA230141,San Damián,Piartal,,cream,,,,,,,<LOD,90926,303282,9201,12097,16053,5982,246,<LOD,43,,466,8,144,9,15
CA230141,San Damián,Piartal,,fabric,1.68,19.29,60.26,1.01,1.8,2.35,10118,102097,281671,8392,12873,16414,4837,244,<LOD,63,47,454,7,145,10,16
CA230141,San Damián,Piartal,,red,,,,,,,<LOD,91082,278557,7528,10995,18605,6937,208,<LOD,44,,444,8,130,10,12
CA230142,San Damián,Piartal,,black ,,,,,,,<LOD,71976,319946,11586,15334,15880,3979,240,<LOD,36,,517,6,135,7,15
CA230142,San Damián,Piartal,,cream,,,,,,,<LOD,84887,310580,9189,14634,15271,3666,235,<LOD,30,,451,6,136,13,10
CA230142,San Damián,Piartal,,fabric,<LOD,18.02,63.48,1.04,2.01,2.01,<LOD,95366,296738,8654,14335,14081,3849,267,<LOD,41,50,488,7,139,10,17
CA230143,San Damián,Piartal ,,black ,,,,,,,<LOD,76234,300597,11643,12191,16494,5527,278,13,39,,481,7,179,21,15
CA230143,San Damián,Piartal ,,fabric,<LOD,17.07,56.78,0.96,1.7,2.46,<LOD,90351,265404,7933,12159,17178,4921,350,<LOD,43,45,473,11,199,20,16
CA230143,San Damián,Piartal ,,red,,,,,,,<LOD,69669,276866,8824,11444,22645,5679,249,11,44,,458,8,174,16,20
CA230144,San Damián,Piartal ,,black ,,,,,,,<LOD,74617,310965,11346,14356,17321,5530,363,10,34,,440,9,195,11,12
CA230144,San Damián,Piartal ,,cream,,,,,,,<LOD,94036,315711,12519,12675,17378,4680,284,<LOD,38,,463,7,185,14,12
CA230144,San Damián,Piartal ,,fabric,<LOD,16.34,67.16,0.94,2.02,2.15,<LOD,86460,313942,7842,14466,15048,4987,299,<LOD,38,35,446,6,179,12,19
CA230145,San Damián,Piartal ,,black ,,,,,,,<LOD,73351,333100,11714,15358,14948,5493,332,<LOD,33,,457,8,193,12,18
CA230145,San Damián,Piartal ,,cream,,,,,,,<LOD,81763,330829,11247,15241,14860,6203,307,10,42,,465,8,225,11,15
CA230145,San Damián,Piartal ,,fabric,1.66,18.07,64.46,0.93,2.03,2.03,9983,95621,301316,7728,14493,14229,4774,300,<LOD,43,36,457,7,171,12,18
CA230146,San Damián,Piartal ,,black ,,,,,,,10390,94164,301189,12247,12731,17179,4788,274,13,44,,448,7,203,11,14
CA230146,San Damián,Piartal ,,cream,,,,,,,<LOD,82491,329823,11196,13743,17671,4990,315,11,39,,457,9,174,10,13
CA230146,San Damián,Piartal ,,fabric,1.68,18.94,62.77,0.9,1.94,2.47,10140,100250,293391,7442,13896,17281,5134,305,<LOD,44,38,452,8,187,11,<LOD
CA230146,San Damián,Piartal ,,red,,,,,,,<LOD,88674,292414,8893,11847,24142,6132,256,10,41,,447,6,180,13,15
CA230147,San Damián,undecorated,,fabric,<LOD,17.5,52.13,0.99,1.71,4.71,<LOD,92599,243693,8246,12204,32909,5588,395,<LOD,66,61,442,13,198,17,17
CA230148,San Damián,undecorated,,fabric,1.7,17.59,58.8,2.14,1.89,4.88,10267,93098,274850,17768,13498,34108,4091,596,21,97,95,548,11,181,16,17
CA230149,San Damián,undecorated,,fabric,1.71,21.29,58.27,1.04,1.88,6.02,10315,112652,272377,8598,13421,42127,4780,513,19,89,57,390,13,215,14,16
CA230150,San Damián,Tuza,,cream,,,,,,,<LOD,75530,321996,15828,14225,13875,4934,329,10,52,,492,7,145,14,19
CA230150,San Damián,Tuza,,fabric,<LOD,15.67,62.6,1.6,2.05,2.16,<LOD,82952,292597,13278,14630,15104,4849,305,<LOD,55,57,493,9,152,14,22
CA230150,San Damián,Tuza,,red,,,,,,,<LOD,76396,294644,14053,13122,22610,6452,288,12,57,,496,10,153,17,13
CA230151,San Damián,red slip,,fabric,1.67,18,56.45,1.25,2.07,4.03,10094,95240,263866,10392,14827,28187,5496,428,<LOD,77,53,559,11,190,13,24
CA230151,San Damián,red slip,,red,,,,,,,<LOD,90977,253720,9668,14611,38774,9079,386,8,74,,610,16,156,11,23
CA230152,San Damián,red slip,,fabric,1.7,20.18,64.02,1.22,2.03,2.67,10241,106828,299233,10109,14521,18681,4775,272,16,72,65,501,9,190,13,21
CA230152,San Damián,red slip,,red,,,,,,,<LOD,87175,271897,7547,9901,43328,7444,242,14,79,,488,7,167,15,14
CA230153,San Damián,undecorated,,fabric,<LOD,19.09,61.21,1.27,1.87,3.59,<LOD,101052,286093,10511,13333,25120,5120,316,18,76,63,569,9,184,12,22
CA230154,San Damián,undecorated,,fabric,<LOD,16.82,63.86,1.29,2.18,2.9,<LOD,89019,298489,10693,15588,20288,4239,285,<LOD,61,73,565,10,182,15,16
CA230155,San Damián,undecorated,,fabric,1.7,17.73,61.21,1.21,2.05,3.47,10277,93829,286124,10010,14649,24252,5147,292,<LOD,46,67,446,12,177,13,16
CA230156,San Damián,Piartal,,black ,,,,,,,<LOD,84036,291771,8670,12616,26612,4486,281,<LOD,33,,403,8,168,8,14
CA230156,San Damián,Piartal,,cream,,,,,,,<LOD,78301,301420,9097,13546,20712,4548,288,11,33,,426,7,142,14,10
CA230156,San Damián,Piartal,,fabric,<LOD,17.36,60.76,1.08,1.79,3,<LOD,91886,284017,8955,12816,20966,5239,346,<LOD,54,39,430,8,159,14,15
CA230156,San Damián,Piartal,,red,,,,,,,<LOD,85381,286364,8169,11555,24136,6042,348,<LOD,31,,434,8,153,9,10
CA230157,San Damián,undecorated,,fabric,1.76,17.34,66.16,1.21,2.23,4.24,10643,91768,309269,10028,15939,29676,5067,516,16,55,56,433,12,169,13,17
CA230158,San Damián,undecorated,,fabric,1.73,17.43,61.14,1.19,2.48,3.76,10448,92258,285796,9839,17760,26301,5533,330,16,59,52,540,13,177,18,<LOD
CA230159,San Damián,undecorated,,fabric,1.83,19.7,58.31,0.84,1.75,4.33,11006,104246,272580,6943,12489,30296,4868,262,<LOD,112,52,326,7,146,<LOD,16
CA230160,San Damián,undecorated,,fabric,1.66,18.74,61.84,1.11,2,3.17,10016,99193,289073,9219,14304,22143,4263,262,<LOD,47,63,583,10,152,11,18
CA230161,San Damián,undecorated,,fabric,<LOD,20.64,61.29,1.53,2.14,4.7,<LOD,109262,286478,12663,15283,32859,4213,297,22,49,71,585,13,167,13,16
CA230162,San Damián,undecorated,,fabric,1.83,18.9,63.16,1.08,2.06,2.81,11037,100018,295222,8970,14694,19621,4330,278,<LOD,79,66,438,8,134,11,17
CA230163,San Damián,Tuza,39,black ,,,,,,,10681,41037,182204,6542,8383,51781,2464,7496,22,52,,670,10,174,14,11
CA230163,San Damián,Tuza,39,cream,,,,,,,<LOD,62743,288120,11404,14314,24728,4199,1163,<LOD,43,,730,11,166,17,19
CA230163,San Damián,Tuza,39,fabric,1.68,16.83,65.32,1.41,2.27,3.06,10144,89085,305337,11735,16255,21424,4399,470,<LOD,43,48,681,7,165,14,<LOD
CA230163,San Damián,Tuza,39,red,,,,,,,10449,85904,287841,15594,14301,25865,4568,414,9,44,,696,10,178,15,13
CA230164,San Damián,Tuza,39,black ,,,,,,,<LOD,55129,246232,10285,13895,31128,3619,2778,15,50,,758,10,178,18,17
CA230164,San Damián,Tuza,39,cream,,,,,,,<LOD,64965,301254,12743,17005,19967,4274,474,10,44,,770,8,176,16,19
CA230164,San Damián,Tuza,39,fabric,<LOD,16.11,65.18,1.5,2.26,2.87,<LOD,85282,304650,12455,16120,20088,5248,448,<LOD,42,48,764,8,162,16,<LOD
CA230164,San Damián,Tuza,39,red,,,,,,,<LOD,73328,299549,13758,16856,22839,4758,332,11,64,,753,10,203,16,22
CA230165,San Damián,red slip,39,fabric,1.71,15.44,61.98,2.08,1.96,3.41,10294,81734,289715,17265,13983,23884,4037,376,<LOD,66,65,701,9,206,19,18
CA230165,San Damián,red slip,39,red (ext),,,,,,,10642,75032,314454,14281,15538,28424,5968,331,7,62,,681,8,167,19,13
CA230165,San Damián,red slip,39,red (int),,,,,,,<LOD,102631,201301,16678,4909,68948,7754,736,127,77,,590,12,174,18,5
CA230166,San Damián,undecorated?,39,fabric,<LOD,16.77,66.77,1.51,2.18,2.8,<LOD,88753,312118,12507,15580,19575,3941,508,<LOD,41,47,677,10,163,12,<LOD
CA230167,San Damián,undecorated,39,fabric,<LOD,18.21,58.8,1.1,1.64,4.47,<LOD,96362,274836,9107,11707,31293,4852,645,<LOD,56,42,476,10,223,17,18
CA230168,San Damián,red slip,39,fabric,<LOD,14.48,66.35,2.07,2.6,3.6,<LOD,76660,310147,17184,18608,25205,4095,695,17,59,67,769,10,190,18,16
CA230168,San Damián,red slip,39,red,,,,,,,<LOD,72078,221338,4309,10174,55985,8023,533,31,53,,651,12,207,19,14
CA230169,San Damián,red slip,39,fabric,<LOD,17.46,69.64,1.56,2.4,3.24,<LOD,92395,325521,12972,17176,22644,3903,397,<LOD,49,56,754,9,191,17,16
CA230169,San Damián,red slip,39,red,,,,,,,10279,76438,247104,5266,10996,57961,8604,429,56,47,,659,12,201,19,14
CA230170,San Damián,red slip,39,cream,,,,,,,10227,78225,306067,20263,19213,19170,4407,330,12,67,,661,7,179,21,15
CA230170,San Damián,red slip,39,fabric,<LOD,18.09,59.92,1.14,1.95,3.26,<LOD,95733,280096,9464,13955,22812,4151,434,<LOD,56,45,557,8,199,14,19
CA230170,San Damián,red slip,39,red,,,,,,,<LOD,68318,210841,5355,8724,65883,8561,541,102,96,,452,10,197,18,6
CA230171,San Damián,Tuza,39,black ,,,,,,,<LOD,54305,252813,11334,12309,29937,3633,2661,8,49,,612,8,173,18,11
CA230171,San Damián,Tuza,39,cream,,,,,,,<LOD,77523,333553,14481,14620,19975,4276,332,<LOD,35,,625,8,160,19,12
CA230171,San Damián,Tuza,39,fabric,<LOD,17.44,62.54,1.46,1.82,3.57,<LOD,92305,292317,12136,13036,24950,3690,459,<LOD,68,50,585,8,162,17,19
CA230172,San Damián,Tuza,39,black ,,,,,,,11728,43982,157668,4706,7432,61328,2000,11136,32,47,,666,10,155,13,4
CA230172,San Damián,Tuza,39,cream,,,,,,,<LOD,84476,353346,12666,16502,20524,4751,379,10,37,,753,6,165,16,16
CA230172,San Damián,Tuza,39,fabric,<LOD,18.17,61.74,1.36,1.8,3.49,<LOD,96171,288584,11254,12879,24410,4049,523,<LOD,52,48,674,9,150,17,17
CA230172,San Damián,Tuza,39,red (ext),,,,,,,<LOD,93162,292322,10832,15448,24571,4586,578,8,48,,744,8,154,15,17
CA230172,San Damián,Tuza,39,red (int),,,,,,,<LOD,56523,239209,7472,10715,36830,3592,510,<LOD,46,,687,8,160,16,16
CA230173,San Damián,undecorated,39,fabric,<LOD,19.26,61.23,1.22,1.98,5.25,<LOD,101955,286184,10142,14174,36733,4470,658,<LOD,70,48,443,10,195,16,17
CA230174,San Damián,undecorated,39,fabric,1.78,16.88,54.22,1.24,2.92,3.68,10719,89356,253426,10279,20853,25767,3848,804,17,93,47,547,11,203,17,19
CA230175,San Damián,undecorated,39,fabric,1.69,23.85,59.02,1.27,1.71,3.21,10174,126214,275863,10550,12207,22455,5380,358,17,68,50,573,10,185,13,21
CA230176,San Damián,Piartal,28,black ,,,,,,,<LOD,91311,301088,11222,17097,25012,5838,305,12,37,,396,10,208,16,16
CA230176,San Damián,Piartal,28,cream,,,,,,,<LOD,92090,293804,9928,13279,21868,5047,262,<LOD,39,,376,12,170,12,14
CA230176,San Damián,Piartal,28,fabric,<LOD,21.8,57.41,1.07,1.63,3.25,<LOD,115389,268343,8842,11664,22742,5025,270,<LOD,59,37,350,7,155,9,21
CA230176,San Damián,Piartal,28,red,,,,,,,<LOD,92592,262917,8723,12297,28478,7178,252,8,43,,399,9,189,11,13
CA230286,Bomboná,undecorated,8b,fabric,<LOD,19.73,55.68,1.3,2.27,5.65,<LOD,104409.92,260251.76,10804.96,16230.66,39521.6,4736,1002,17,87,54,717,12,209,17,22
CA230287,Bomboná,undecorated,,fabric,<LOD,17.49,56,1.5,1.48,4.89,<LOD,92550.94,261780.96,12472.2,10561.4,34224.3,4512,385,<LOD,74,48,556,12,146,11,16
CA230288,Bomboná,Piartal,,fabric,<LOD,12.48,46.55,1.29,1.59,3.26,<LOD,66043,217605,10720,11338,22820,3785,378,<LOD,42,49,715,10,184,16,17
CA230289,Bomboná,Tuza,,fabric,1.72,21.97,65.07,1.28,1.6,5.99,10390,116303,304156,10607,11448,41925,5339,1257,22,89,55,664,10,199,17,20
CA230290,Bomboná,Tuza,,fabric,<LOD,20.39,57.74,1.39,1.65,3.17,<LOD,107918.16,269898.36,11524.52,11824.7,22192.3,4174,277,<LOD,59,47,671,8,164,16,20
CA230291,Bomboná,undecorated,8b,fabric,1.78,19.72,54.93,0.85,1.31,7.67,10727,104359,256750,7064,9358,53640,6689,2857,18,62,51,440,15,230,15,18
CA230292,Bomboná,Tuza,,fabric,<LOD,13.68,64.8,1.54,2.49,2.71,<LOD,72378,302896,12763,17768,18955,5646,348,<LOD,35,46,494,10,218,20,17
CA230293,Bomboná,undecorated,,fabric,1.67,16.87,52.35,1.27,1.86,8.19,10085.78,89270.84,244703.5,10579.16,13279.12,57257.92,3711,602,40,93,58,613,27,147,9,15
CA230294,Bomboná,undecorated,,fabric,<LOD,20.71,56.99,1.16,1.77,5.85,<LOD,109605.36,266400.5,9659.04,12640.42,40929.56,4786,488,20,63,59,558,8,166,10,17
CA230295,Bomboná,undecorated,,fabric,<LOD,16.74,53.19,1.74,2.26,4.59,<LOD,88614.68,248644.46,14453.72,16147.4,32122.92,5040,519,18,116,63,722,14,170,9,18
CA230296,Bomboná,Piartal,,fabric,<LOD,19.96,54.95,1.24,1.13,4.19,<LOD,105661.38,256828.42,10313.9,8097.8,29279.4,4686,227,<LOD,40,36,375,7,190,14,25
CA230297,Bomboná,undecorated,,fabric,<LOD,19.92,48.95,0.89,1.57,5.08,<LOD,105419.22,228821.38,7396.4,11214.08,35563.7,4323,291,<LOD,59,63,505,7,201,17,26
CA230298_1,Bomboná,Amazonia?,,fabric,1.72,16.32,45.76,1.56,1.39,7.4,10348.56,86355.46,213900.04,12934.44,9925.2,51751.32,4776,1032,39,122,112,192,38,178,17,29
CA230298_2,Bomboná,Amazonia?,,fabric,2.27,19.9,53.92,2.38,1.12,7.47,13706.54,105316.5,252015.62,19763.6,7980.54,52260.32,5469,1234,36,138,115,153,38,195,21,24
CA230299,Bomboná,Capulí,,fabric,<LOD,22.77,45.27,1.43,1.09,4.82,<LOD,120522.54,211596.76,11839.44,7763.02,33698.24,4012,760,<LOD,55,63,446,10,295,15,16
CA230301,Bomboná,undecorated,,fabric,<LOD,18.5,54.78,1.58,1.76,5.32,<LOD,97934.52,256067.98,13141.96,12590.84,37207.1,5257,376,40,99,60,580,16,192,10,16
CA230334,MO,Capuli,,black ,,,,,,,10058,95768,203831,9452,8301,48527,6463,1591,39,94,,568,13,206,13,25
CA230334,MO,Capuli,,fabric,1.9,14.65,55.61,1.3,2.47,6.45,11468,77537,259948,10763,17633,45131,5514,465,22,82,57,621,9,237,18,27
CA230334,MO,Capuli,,red,,,,,,,<LOD,100158,207348,9899,6888,52658,7002,985,33,83,,521,11,235,15,15
CA230335,MO,Tuza ,,fabric,<LOD,15.9,56.81,2,2.07,3.27,<LOD,84177,265550,16571,14803,22899,4012,294,25,61,46,773,10,238,20,17
CA230335,MO,Tuza ,,red,,,,,,,<LOD,56479,172894,6165,6497,58933,2907,367,8,35,,673,10,205,17,7
CA230336,MO,Piartal,,black ,,,,,,,10450,64405,277987,15036,15209,35329,3510,206,17,48,,510,19,182,16,23
CA230336,MO,Piartal - 2,,fabric,1.77,15.76,53.38,1.99,2.64,3.46,10696,83402,249491,16539,18857,24188,3985,326,25,70,51,586,27,217,17,22
CA230336,MO,Piartal,,red,,,,,,,11006,76352,209963,12640,12219,46333,5684,307,15,56,,472,15,197,15,15
CA230337,MO,Piartal,,black ,,,,,,,<LOD,103942,261846,13284,7808,21132,3899,1525,18,43,,431,11,195,19,18
CA230337,MO,Piartal,,cream,,,,,,,<LOD,89293,293350,13664,7170,20103,4123,1097,16,35,,433,12,217,18,20
CA230337,MO,Piartal - 2,,fabric,<LOD,17.8,47.95,1.09,1.12,4.43,<LOD,94187,224119,9035,8014,31006,3542,1474,40,55,49,421,11,180,19,16
CA230337,MO,Piartal,,red,,,,,,,<LOD,110727,221614,9660,5528,35293,6492,592,19,42,,410,11,199,20,20
CA230338,MO,Piartal,,black ,,,,,,,<LOD,76595,274776,13901,8793,25886,3832,525,14,47,,462,12,156,14,18
CA230338,MO,Piartal,,cream,,,,,,,<LOD,70284,293113,13635,7696,27110,3873,267,15,44,,499,11,173,12,16
CA230338,MO,Piartal - 2,,fabric,1.88,15.78,54.22,3.35,1.8,4.87,11346,83494,253431,27842,12834,34063,4147,546,27,83,58,634,13,170,15,16
CA230338,MO,Piartal,,red,,,,,,,10978,93181,189000,10542,3792,48685,5197,356,22,65,,531,11,161,11,16
CA230339,MO,Piartal,,black ,,,,,,,<LOD,106660,232370,11205,9179,23125,4817,387,22,44,,615,11,224,22,27
CA230339,MO,Piartal,,cream,,,,,,,<LOD,92034,247705,11978,9684,22286,4435,333,19,54,,645,9,207,17,22
CA230339,MO,Piartal - 1,,fabric,1.67,17.59,52.27,1.4,1.93,3.23,10043,93077,244344,11600,13770,22607,4256,384,24,108,54,649,10,217,19,51
CA230339,MO,Piartal,,red,,,,,,,<LOD,96923,208156,6095,5600,35799,5560,360,24,105,,579,10,197,17,34
CA230340,MO,Capuli,,black ,,,,,,,<LOD,98462,205116,13624,9650,35294,4470,274,17,56,,456,10,178,15,24
CA230340,MO,Capuli,,fabric,1.81,13.99,54.54,1.78,1.52,5.8,10892,74033,254945,14766,10831,40542,5502,328,35,78,73,563,9,230,20,24
CA230340,MO,Capuli,,red,,,,,,,<LOD,106468,226524,13275,7942,33840,4676,289,14,50,,462,9,190,17,20
CA230341,MO,Tuza,,fabric,1.65,18.86,57.1,2.41,2.11,2.85,9950,99816,266889,19999,15071,19905,4467,306,19,70,51,701,18,201,22,24
CA230341,MO,Tuza,,red (ext),,,,,,,<LOD,75881,288485,16813,15454,16647,6179,238,7,50,,730,22,197,17,22
CA230341,MO,Tuza,,red (int),,,,,,,<LOD,67998,244034,12460,12059,20784,6467,273,13,157,,748,23,210,22,164
CA230342,MO,Tuza,,fabric,1.74,11.79,44.87,1.36,1.78,3.31,10467,62422,209712,11292,12746,23164,4470,393,<LOD,40,45,735,20,171,13,18
CA230342,MO,Tuza,,red (ext),,,,,,,<LOD,86715,264517,12546,10394,26858,4693,338,14,32,,702,16,173,19,21
CA230342,MO,Tuza,,red (int),,,,,,,<LOD,57637,209226,8774,8313,37107,3881,414,17,40,,744,20,168,18,16
CA230343,MO,Tuza,,fabric,<LOD,13.61,56.94,1.43,1.76,2.75,<LOD,72057,266143,11843,12545,19249,4431,329,18,36,48,662,10,203,19,15
CA230343,MO,Tuza,,red,,,,,,,10756,103642,231457,13620,9612,29525,4676,671,18,46,,656,9,200,20,22
CA230344,MO,Tuza,,cream,,,,,,,10155,76832,273153,13988,15600,20614,3553,230,21,21,,725,6,173,20,18
CA230344,MO,Tuza,,fabric,<LOD,17.28,55.02,1.54,1.93,3.21,<LOD,91475,257159,12780,13829,22449,4001,387,<LOD,38,47,737,7,170,16,22
CA230344,MO,Tuza,,red (ext),,,,,,,<LOD,96540,225200,12790,14716,26420,3932,381,12,35,,805,6,187,17,16
CA230344,MO,Tuza,,red (int),,,,,,,<LOD,58388,213858,9630,10201,43191,2989,197,<LOD,38,,676,7,164,15,18
CA230345,MO,Tuza,,fabric,<LOD,14.73,52.53,2.09,1.73,2.87,<LOD,77940,245552,17358,12400,20068,3496,245,<LOD,34,54,684,8,164,16,22
CA230345,MO,Tuza,,red (ext),,,,,,,10489,81962,252073,12265,11922,27394,4366,444,12,36,,711,7,149,18,19
CA230345,MO,Tuza,,red (int),,,,,,,<LOD,92433,196738,7791,7410,42364,3058,587,12,39,,685,8,150,14,16
CA230346,MO,Tuza,,fabric,1.85,8.01,36.06,0.84,29.09,2.19,11136,42382,168571,6957,207879,15303,5086,1188,<LOD,1164,28,507,9,83,12,848
CA230346,MO,Tuza,,red,,,,,,,11741,96608,246161,17220,9316,44312,5058,435,12,50,,607,15,174,15,21
CA230347,MO,Piartal,,black ,,,,,,,10200,85113,259062,9852,14966,29016,4485,1283,24,67,,559,13,215,12,21
CA230347,MO,Piartal,,cream,,,,,,,10206,78944,283877,11111,15309,32144,4264,403,18,58,,586,11,246,17,23
CA230347,MO,Piartal - 2,,fabric,1.93,15.31,55.46,1.49,2.79,4.36,11615,81033,259248,12403,19913,30526,4033,493,20,61,46,599,10,218,12,23
CA230347,MO,Piartal,,red (ext),,,,,,,12013,87829,247477,12611,17240,36402,4798,441,24,59,,560,10,229,19,24
CA230348,MO,Capuli,,black ,,,,,,,10455,91606,172214,12646,8623,43689,5097,299,10,53,,599,13,258,12,19
CA230348,MO,Capuli,,fabric,1.83,15.12,52.86,1.57,1.64,4.6,11028,80016,247092,13024,11688,32206,4651,292,17,48,48,684,12,223,14,17
CA230348,MO,Capuli,,red,,,,,,,<LOD,101865,198681,13030,9620,39915,5775,265,18,63,,598,14,248,13,19
CA230349,MO,Capulí,,black ,,,,,,,<LOD,108488,190558,7633,7122,42740,6404,1492,27,84,,474,12,233,11,26
CA230349,MO,Capulí,,fabric,1.8,18.77,45.87,1.03,1.46,5.24,10838,99348,214408,8520,10443,36641,4272,3343,45,121,54,505,10,157,12,23
CA230349,MO,Capulí,,red,,,,,,,10629,107577,193598,8319,6675,44153,6426,1061,19,59,,474,13,215,12,19
CA230350,MO,Capuli,,black ,,,,,,,10070,111445,203522,11191,8655,65615,8876,574,26,91,,551,17,259,21,17
CA230350,MO,Capuli,,fabric,1.96,17.02,51.54,1.66,2.29,5.34,11809,90086,240897,13771,16386,37383,4632,645,20,73,53,575,18,237,18,23
CA230350,MO,Capuli,,red,,,,,,,10794,117114,213501,11044,10369,58699,8078,648,29,87,,579,15,246,17,17
CA230351,MO,Ceramic Mask,,black ,,,,,,,<LOD,83541,197022,11656,11849,35946,5199,265,19,40,,446,9,223,23,25
CA230351,MO,Ceramic Mask,,fabric,<LOD,11.24,71.29,0.98,2.04,2.33,<LOD,59467,333214,8162,14583,16286,7240,254,17,20,35,432,9,261,26,23
CA230352,MO,Piartal,,black ,,,,,,,<LOD,108971,229970,8756,8143,23101,5266,305,21,60,,425,10,149,11,19
CA230352,MO,Piartal,,cream,,,,,,,<LOD,101402,244309,9053,8408,24218,5080,303,24,50,,434,9,166,14,18
CA230352,MO,Piartal - 1,,fabric,<LOD,15.43,57.42,1.03,2.04,3.34,<LOD,81652,268384,8532,14564,23393,5381,310,<LOD,36,41,502,9,178,14,19
CA230352,MO,Piartal,,red,,,,,,,11010,90427,221475,9726,12833,27477,5160,352,29,65,,483,14,147,17,18
CA230353,MO,Tuza,,black ,,,,,,,<LOD,63432,174553,5798,5637,53460,3129,2169,16,53,,690,10,179,17,15
CA230353,MO,Tuza,,fabric,1.78,13.22,53.7,1.4,1.97,2.87,10720,69960,251011,11624,14049,20040,3793,285,26,90,43,702,10,195,16,19
CA230353,MO,Tuza,,red,,,,,,,10932,80982,246417,12150,11298,31433,4511,311,13,46,,686,11,174,18,16
CA230354,MO,Tuza,,black ,,,,,,,<LOD,51911,174572,8300,10960,43956,2812,1130,9,42,,739,7,170,17,16
CA230354,MO,Tuza,,cream,,,,,,,<LOD,81241,248303,10456,14496,24375,4329,1045,30,52,,722,6,164,18,20
CA230354,MO,Tuza,,fabric,<LOD,14.76,62.49,1.73,2.19,2.94,<LOD,78105,292076,14368,15683,20534,4120,388,16,45,54,755,7,186,18,19
CA230354,MO,Tuza,,red,,,,,,,10753,94544,258983,13409,13220,24380,5266,648,11,35,,776,7,189,15,19
CA230355,Union del Sur - Site 137,Capulí,LS T10,black ,,,,,,,<LOD,112645,230332,9798,10499,44009,4897,688,25,52,,502,9,203,13,19
CA230355,Union del Sur - Site 137,Capulí,LS T10,fabric,1.78,17.75,49.51,1.06,1.88,5.8,10708,93964,231427,8773,13425,40591,4751,5197,64,131,40,498,10,187,15,18
CA230355,Union del Sur - Site 137,Capulí,LS T10,red,,,,,,,10261,113132,238467,9423,9985,45199,5623,678,32,54,,505,7,173,15,15
CA230356,Union del Sur - Site 8,Piartal,,black ,,,,,,,<LOD,87897,264543,10949,11459,21722,4462,505,14,38,,430,11,163,13,18
CA230356,Union del Sur - Site 8,Piartal - 1,,fabric,<LOD,20.77,50.39,1.21,1.33,3.34,<LOD,109944,235531,10017,9499,23387,5053,648,<LOD,43,42,432,11,172,13,19
CA230356,Union del Sur - Site 8,Piartal,,red,,,,,,,<LOD,81357,220574,8588,8402,33669,5822,361,9,36,,450,7,181,12,16
CA230357,Union del Sur - Site 8,Piartal,,black ,,,,,,,<LOD,86138,277188,12081,13901,19281,4931,455,11,49,,483,14,147,11,13
CA230357,Union del Sur - Site 8,Piartal - 2,,fabric,<LOD,11.83,61.33,1.38,1.71,4.15,<LOD,62621,286694,11490,12235,29015,5978,996,23,51,42,514,11,216,20,25
CA230357,Union del Sur - Site 8,Piartal,,red,,,,,,,10172,75199,218926,8435,8443,44214,6467,356,9,42,,463,12,163,12,14
CA230358,Union del Sur - Site 137,Capulí,LS T10,black ,,,,,,,10085,112137,223405,8483,13096,39327,5596,826,19,68,,605,11,223,17,17
CA230358,Union del Sur - Site 137,Capulí,LS T10,fabric,1.77,16.46,54.53,1.12,1.78,4.99,10658,87098,254876,9265,12757,34898,3961,682,<LOD,65,55,588,10,192,18,21
CA230358,Union del Sur - Site 137,Capulí,LS T10,red,,,,,,,10977,99095,246435,8899,10689,42238,6534,1468,37,57,,560,10,225,13,15
CA230359,Union del Sur - Site 137,Capulí,LS T10,black ,,,,,,,<LOD,111786,212122,6427,3790,48006,7588,569,37,54,,385,8,203,12,13
CA230359,Union del Sur - Site 137,Capulí,LS T10,fabric,1.82,19.51,52.83,1.62,2.17,5.99,10975,103270,246945,13486,15492,41897,4553,4042,59,105,61,565,15,254,22,21
CA230359,Union del Sur - Site 137,Capulí,LS T10,red,,,,,,,<LOD,119005,219003,6552,5575,48377,6873,1407,37,53,,435,11,213,15,15
CA230360,Union del Sur - Site 8,Piartal,,black ,,,,,,,<LOD,82809,233377,11185,10843,32678,5596,557,<LOD,50,,425,10,165,12,21
CA230360,Union del Sur - Site 8,Piartal - 1,,fabric,1.66,17.67,53.62,1.6,2.12,3.61,10035,93532,250653,13320,15158,25258,5160,491,18,57,49,516,13,179,13,17
CA230360,Union del Sur - Site 8,Piartal,,red,,,,,,,<LOD,73053,179817,7008,4986,68262,6720,319,<LOD,47,,384,14,141,9,9
CA230361,Union del Sur - Site 8,Piartal,,black ,,,,,,,<LOD,82205,230127,9407,10006,22646,5196,229,12,28,,431,6,161,17,16
CA230361,Union del Sur - Site 8,Piartal,,cream,,,,,,,<LOD,90926,233248,8727,7686,24937,4820,205,8,33,,416,11,168,20,19
CA230361,Union del Sur - Site 8,Piartal - 1,,fabric,<LOD,19.21,52.25,1.06,1.3,3.32,<LOD,101661,244219,8762,9297,23221,4831,302,<LOD,36,37,458,13,178,16,15
CA230361,Union del Sur - Site 8,Piartal,,red,,,,,,,<LOD,99216,189947,5763,4652,38097,6482,215,16,31,,404,9,165,11,14
CA230362,Union del Sur - Site 8,Piartal,,black ,,,,,,,<LOD,82191,241834,10309,9333,28098,4525,252,7,27,,443,11,189,15,14
CA230362,Union del Sur - Site 8,Piartal,,cream,,,,,,,<LOD,81028,243352,11019,8694,29049,4493,274,16,26,,447,8,215,19,21
CA230362,Union del Sur - Site 8,Piartal - 1,,fabric,<LOD,15.74,53.92,1.22,1.55,3.97,<LOD,83310,252051,10087,11050,27736,4399,334,<LOD,29,44,510,8,186,18,17
CA230362,Union del Sur - Site 8,Piartal,,red,,,,,,,<LOD,72865,195904,7074,6705,42081,5748,223,7,29,,436,11,200,15,14
CA230363,Union del Sur - Site 137,Capulí,LS T7,fabric,1.93,20.17,51.31,1.13,2.31,5.69,11655,106762,239822,9375,16482,39824,3879,2655,38,62,42,684,12,194,13,18
CA230363,Union del Sur - Site 137,Capulí,LS T7,red,,,,,,,12093,98867,234951,9381,10196,48479,6849,2351,44,61,,570,8,223,14,9
CA230364,Union del Sur - Site 8,Piartal,,black ,,,,,,,<LOD,81763,236275,10597,10627,30785,4288,653,21,47,,539,8,126,8,15
CA230364,Union del Sur - Site 8,Piartal,,cream,,,,,,,10269,77009,263287,12263,11535,30136,4354,381,22,48,,614,14,148,13,16
CA230364,Union del Sur - Site 8,Piartal - 1,,fabric,<LOD,20.64,44.98,1.31,1.31,3.85,<LOD,109234,210250,10904,9353,26955,3950,323,<LOD,39,47,535,9,136,16,19
CA230364,Union del Sur - Site 8,Piartal,,red,,,,,,,10064,83022,220410,11554,8966,37037,5916,669,11,43,,579,13,137,12,20
CA230365,Union del Sur - Site 137,Capulí,Ct7 T1,black ,,,,,,,11391,88902,199075,10048,8579,40683,6508,10262,112,82,,563,9,188,12,14
CA230365,Union del Sur - Site 137,Capulí,Ct7 T1,fabric,1.83,15.93,56.13,1.93,1.91,4.9,11018,84306,262357,16001,13686,34266,3970,1586,38,62,52,564,10,198,8,<LOD
CA230365,Union del Sur - Site 137,Capulí,Ct7 T1,red,,,,,,,10914,112111,251199,10287,9494,42560,7344,2872,57,69,,566,9,182,16,11
CA230366,Union del Sur - Site 137,Capulí,Ct7 T1,black ,,,,,,,11095,96863,250692,14417,10598,41150,7051,981,35,58,,548,11,179,9,11
CA230366,Union del Sur - Site 137,Capulí,Ct7 T1,fabric,1.94,15.91,58.13,1.33,2.05,5.17,11691,84198,271723,11026,14639,36151,4201,946,17,51,53,567,8,167,11,16
CA230366,Union del Sur - Site 137,Capulí,Ct7 T1,red,,,,,,,11325,102811,252553,12456,9180,44141,7586,1363,42,66,,559,12,314,9,14
CA230367,Union del Sur - Site 137,Capulí,Ct7 T1,fabric,1.95,16.98,58.36,1.41,2.33,4.72,11751,89861,272771,11695,16650,33033,4065,1294,20,71,56,676,11,190,15,19
CA230367,Union del Sur - Site 137,Capulí,Ct7 T1,red,,,,,,,12818,72014,249315,9498,11942,47895,6395,450,26,53,,701,10,210,15,12
CA230368,Union del Sur - Site 137,Capulí,Ct9 T1,fabric,2.03,14.34,64.46,1.5,1.95,5.29,12264,75881,301291,12491,13936,36989,5104,429,19,54,58,574,13,235,12,18
CA230368,Union del Sur - Site 137,Capulí,Ct9 T1,fugative black,,,,,,,10758,88940,231229,8602,10087,46996,6318,331,27,41,,482,9,172,13,20
CA230368,Union del Sur - Site 137,Capulí,Ct9 T1,red,,,,,,,12138,86781,256918,9478,12372,43618,5857,392,10,52,,509,10,206,11,15
CA230369,Union del Sur - Site 8,Piartal - 1,,fabric,1.66,15.72,40.14,1.04,1.26,5.41,9992,83190,187602,8618,8983,37847,3157,321,<LOD,43,38,495,13,156,13,19
CA230369,Union del Sur - Site 8,Piartal,,red,,,,,,,10232,71322,260831,11192,9444,34458,4934,248,<LOD,38,,467,10,150,15,21
CA230370,Union del Sur - Site 8,Piartal,,black ,,,,,,,<LOD,100928,265797,14868,11792,22206,4812,362,29,65,,561,11,155,17,18
CA230370,Union del Sur - Site 8,Piartal - 1,,fabric,1.66,19.53,49.46,1.17,1.54,3.81,10034,103349,231186,9682,11034,26666,4420,403,<LOD,49,47,548,13,169,19,23
CA230370,Union del Sur - Site 8,Piartal,,red,,,,,,,<LOD,84280,237039,8070,7520,44996,6919,275,15,83,,694,18,175,16,16
CA230372,Union del Sur - Site 137,Capulí,LS T1,black ,,,,,,,10759,73924,183366,7921,11029,38605,5034,17199,171,169,,603,20,169,10,14
CA230372,Union del Sur - Site 137,Capulí,LS T1,fabric,1.98,15.04,51.65,1.21,2.13,5.47,11960,79585,241436,10066,15192,38270,3986,323,<LOD,56,53,657,12,145,14,16
CA230372,Union del Sur - Site 137,Capulí,LS T1,red,,,,,,,11045,117124,241532,11316,11805,47512,6389,1081,32,82,,534,15,190,13,17
CA230373,Union del Sur - Site 137,Capulí,LS T1,black ,,,,,,,12141,90053,242852,10009,11227,43679,6696,500,16,47,,457,15,268,17,18
CA230373,Union del Sur - Site 137,Capulí,LS T1,fabric,1.88,16.65,57.76,1.38,2.79,4.85,11349,88118,269981,11450,19948,33939,4036,3892,39,55,49,938,22,149,8,17
CA230373,Union del Sur - Site 137,Capulí,LS T1,red,,,,,,,11400,83360,256393,11271,11587,41278,6460,344,14,55,,467,12,248,21,20
CA230374,Union del Sur - Site 137,Capulí,,fabric,1.89,16.74,59.86,1.65,1.83,5.11,11421,88574,279802,13721,13057,35714,5109,348,<LOD,47,64,503,12,258,18,22
CA230375,Union del Sur - Site 137,Capulí,M T2,black ,,,,,,,10204,101520,227116,10123,12715,37636,6080,329,19,40,,662,10,223,18,17
CA230375,Union del Sur - Site 137,Capulí,M T2,fabric,2.03,15.02,59.68,1.64,2.45,4.86,12262,79474,278971,13651,17541,33967,3605,485,21,54,57,761,15,221,17,16
CA230375,Union del Sur - Site 137,Capulí,M T2,red,,,,,,,11566,90363,252098,12391,14082,36246,6013,670,23,44,,734,11,257,19,22
CA230376,Union del Sur - Site 137,Capulí,,fabric,1.85,16.93,56.73,1.69,2.47,4.75,11162,89596,265180,14069,17664,33231,4193,461,20,50,51,767,12,246,21,25
CA230377,Union del Sur - Site 137,Capulí,LS T4,black ,,,,,,,<LOD,115136,213805,6881,9737,44934,6123,525,10,49,,432,8,190,13,20
CA230377,Union del Sur - Site 137,Capulí,LS T4,fabric,1.69,17.49,47.15,0.88,1.61,6.62,10186,92593,220382,7325,11497,46315,4033,477,20,51,42,517,11,202,11,15
CA230377,Union del Sur - Site 137,Capulí,LS T4,red,,,,,,,10815,94696,254799,8518,10390,42934,6230,651,22,69,,460,11,201,10,17
CA230378,Union del Sur - Site 137,Capulí,LS T4,black ,,,,,,,10681,106399,228944,11324,12513,45960,6003,2179,60,81,,546,9,210,16,26
CA230378,Union del Sur - Site 137,Capulí,LS T4,fabric,2.03,17.46,56.6,2.57,2.13,6.19,12263,92390,264567,21327,15193,43269,5314,1573,26,118,55,580,10,214,18,19
CA230378,Union del Sur - Site 137,Capulí,LS T4,red,,,,,,,11449,113323,245407,12756,11976,43529,5529,2135,56,62,,560,8,189,14,18
CA230379,Union del Sur - Site 137,Capulí,LS T3,black ,,,,,,,11593,78227,186719,9119,11540,44949,5096,11735,179,131,,562,12,166,9,11
CA230379,Union del Sur - Site 137,Capulí,LS T3,fabric,1.96,13.02,53.8,1.44,2.18,7.51,11820,68920,251464,11993,15564,52555,5596,645,24,64,55,705,13,175,12,15
CA230379,Union del Sur - Site 137,Capulí,LS T3,red,,,,,,,12570,96283,232608,8933,13549,51327,6410,1278,23,71,,656,14,156,9,13
CA230380,Union del Sur - Site 137,Capulí,LS T4,black ,,,,,,,10069,96408,186871,7161,9228,42591,5310,1645,36,58,,545,7,186,15,16
CA230380,Union del Sur - Site 137,Capulí,LS T4,fabric,1.91,17.8,56.39,1.95,2.06,6.61,11531,94200,263569,16219,14688,46229,4584,1871,26,96,56,671,11,247,15,24
CA230380,Union del Sur - Site 137,Capulí,LS T4,red,,,,,,,<LOD,111635,217659,7788,8819,41364,5787,474,19,50,,540,9,199,15,17
CA230381,Union del Sur - Site 137,Capulí,LS T10,black ,,,,,,,10163,90579,193469,7738,13514,40042,4847,9069,111,96,,683,13,174,14,16
CA230381,Union del Sur - Site 137,Capulí,LS T10,fabric,2.07,13.18,57.93,2.01,2.49,6.83,12492,69757,270778,16698,17810,47748,4718,537,21,86,67,834,17,206,14,20
CA230381,Union del Sur - Site 137,Capulí,LS T10,red,,,,,,,11220,103033,233491,8147,13764,47459,5474,1011,21,71,,640,10,200,9,17
CA230382,Union del Sur - Site 137,Capulí,LS T10,black ,,,,,,,11248,99155,256661,10565,14231,37596,4674,582,14,37,,552,10,230,14,23
CA230382,Union del Sur - Site 137,Capulí,LS T10,fabric,1.94,16.58,53.92,1.39,3.01,5.93,11677,87758,252058,11510,21494,41502,4334,397,28,63,60,1008,17,182,14,19
CA230382,Union del Sur - Site 137,Capulí,LS T10,red,,,,,,,10597,111224,245803,9236,12838,40318,4690,580,23,43,,530,7,242,13,18
CA230383,Union del Sur - Site 137,undecorated?,,fabric,1.84,14.13,57.68,1.31,2.03,6.35,11107,74805,269603,10899,14522,44392,4194,810,24,59,57,615,12,243,19,20
CA230384,Union del Sur - Site 137,Capulí,LS T10,black ,,,,,,,10648,102708,230989,11317,14061,38838,5042,4708,70,61,,594,9,200,17,16
CA230384,Union del Sur - Site 137,Capulí,LS T10,fabric,2.04,14.03,55.41,1.23,2.04,7.09,12318,74240,258979,10184,14596,49620,4554,621,26,72,48,584,10,215,18,19
CA230384,Union del Sur - Site 137,Capulí,LS T10,red,,,,,,,10173,104057,226764,9016,12073,42193,5795,627,23,36,,523,7,198,10,17
CA230386,Union del Sur - Site 137,Capulí,LS T1,black ,,,,,,,10139,99003,241481,9368,12786,39667,5954,1000,28,52,,624,8,219,18,18
CA230386,Union del Sur - Site 137,Capulí,LS T1,fabric,1.74,17.86,49.32,1.12,1.99,5.78,10491,94513,230558,9289,14207,40433,3704,1730,40,64,52,649,9,232,14,20
CA230386,Union del Sur - Site 137,Capulí,LS T1,red,,,,,,,10693,101713,248865,9353,11936,41588,5202,1802,37,54,,609,12,209,17,19
CA230387,Union del Sur - Site 137,Capulí,LS T5,black ,,,,,,,10827,87241,215342,7744,12318,43514,6584,302,12,39,,620,9,170,13,10
CA230387,Union del Sur - Site 137,Capulí,LS T5,fabric,1.97,13.97,60.27,1.48,2.37,4.9,11894,73947,281723,12324,16968,34237,4724,516,28,72,60,701,12,213,15,22
CA230387,Union del Sur - Site 137,Capulí,LS T5,red,,,,,,,11234,87123,226476,7488,11234,47898,6920,390,8,54,,612,10,207,11,14
CA230388,Union del Sur - Site 137,Capulí,LS T5,black ,,,,,,,10551,85915,213143,7947,12392,46266,5376,1102,24,41,,520,8,203,17,19
CA230388,Union del Sur - Site 137,Capulí,LS T5,fabric,2.02,13.3,56.79,1.25,2.28,6.39,12194,70414,265454,10394,16311,44676,5162,543,42,64,51,553,27,218,9,15
CA230388,Union del Sur - Site 137,Capulí,LS T5,red,,,,,,,11019,78709,224439,8224,11726,53621,6345,581,20,47,,515,12,191,15,16
CA230389,Union del Sur - Site 137,Capulí,LS T8,black ,,,,,,,10346,96770,243253,10629,12580,33247,4668,437,16,43,,454,11,187,15,11
CA230389,Union del Sur - Site 137,Capulí,LS T8,fabric,1.88,20.06,57.12,1.78,2.07,5.18,11334,106183,266976,14753,14819,36222,3939,1172,33,73,54,517,14,224,19,23
CA230389,Union del Sur - Site 137,Capulí,LS T8,red,,,,,,,10890,82474,276139,11968,13714,33617,5726,550,18,45,,580,14,191,15,18
CA230436,Union del Sur - Site 8,Piartal,,fabric,<LOD,18.85,54.93,1.25,1.43,3.13,<LOD,99773,256751,10409,10226,21918,4130,340,<LOD,33,41,520,8,154,15,19
CA230436,Union del Sur - Site 8,Piartal,,red,,,,,,,<LOD,86946,192919,10520,7847,35861,6727,372,14,39,,537,7,167,14,19
CA230437,Union del Sur - Site 8,Piartal,,fabric,<LOD,15.53,49.77,1.1,1.69,4.38,<LOD,82193,232659,9137,12107,30622,4471,412,<LOD,59,46,561,18,164,15,22
CA230438,Union del Sur - Site 8,Piartal,,fabric,<LOD,20.4,39.85,0.71,0.94,6.59,<LOD,107994,186249,5892,6698,46112,3973,325,<LOD,63,51,344,9,185,11,17
CA230438,Union del Sur - Site 8,Piartal,,fugative black,,,,,,,<LOD,104115,193291,7591,9905,40336,4320,316,14,60,,356,12,175,13,17
CA230438,Union del Sur - Site 8,Piartal,,red,,,,,,,<LOD,90979,236140,8568,9757,42425,4509,321,7,57,,371,11,236,11,14
CA230439,Union del Sur - Site 8,Piartal,,cream,,,,,,,<LOD,77698,298303,13142,11781,28533,4864,314,7,47,,489,11,138,12,17
CA230439,Union del Sur - Site 8,Piartal,,fabric,<LOD,19.48,54.71,1.19,1.51,4.15,<LOD,103081,255747,9868,10815,29034,4800,640,<LOD,64,44,532,9,158,13,17
CA230439,Union del Sur - Site 8,Piartal,,fugative black,,,,,,,<LOD,69867,289145,11751,13907,28024,4866,304,12,46,,503,11,157,16,18
CA230439,Union del Sur - Site 8,Piartal,,red,,,,,,,<LOD,68311,265216,11563,12058,29016,5208,291,10,69,,544,11,174,11,17
CA230440,Union del Sur - Site 8,Piartal,,cream,,,,,,,<LOD,62654,262935,9033,12916,23400,4904,328,8,40,,498,14,165,13,18
CA230440,Union del Sur - Site 8,Piartal,,fabric,<LOD,12.6,60.72,1.01,1.91,2.79,<LOD,66670,283839,8353,13661,19535,5570,280,<LOD,37,33,579,10,141,<LOD,23
CA230440,Union del Sur - Site 8,Piartal,,fugative black,,,,,,,<LOD,74585,249646,12488,11229,25496,4761,322,20,194,,475,12,131,9,51
CA230440,Union del Sur - Site 8,Piartal,,red,,,,,,,<LOD,91037,227030,9887,8220,33786,5277,262,11,69,,534,10,135,11,23
CA230441,Union del Sur - Site 137,Capulí,LS T1,fabric,<LOD,19,49.57,0.93,1.68,4.99,<LOD,100581,231691,7687,12022,34899,4025,644,21,60,52,565,9,176,10,<LOD
CA230441,Union del Sur - Site 137,Capulí,LS T1,fugative black,,,,,,,<LOD,112144,235226,7570,11586,36794,5528,462,11,49,,499,9,159,14,12
CA230441,Union del Sur - Site 137,Capulí,LS T1,red,,,,,,,10479,86558,235969,7707,11584,43401,7343,791,7,57,,546,8,190,11,14
CA230442,Union del Sur - Site 137,Capulí,LS T1,fabric,<LOD,15.11,53.97,1.05,1.83,4.95,<LOD,79955,252290,8745,13064,34614,4372,413,<LOD,62,55,584,8,168,11,19
CA230442,Union del Sur - Site 137,Capulí,LS T1,fugative black,,,,,,,<LOD,101559,249535,7785,14062,40610,5967,468,15,52,,583,8,207,9,17
CA230442,Union del Sur - Site 137,Capulí,LS T1,red,,,,,,,11502,81315,259599,8263,14126,45308,6397,426,20,59,,594,10,197,12,16
CA230443,Union del Sur - Site 137,Capulí,LS T1,fabric,1.85,15.85,58.73,1.06,1.93,4.86,11145,83864,274523,8777,13788,33987,4031,402,17,50,62,523,8,153,8,<LOD
CA230443,Union del Sur - Site 137,Capulí,LS T1,fugative black,,,,,,,<LOD,114896,192415,5827,9758,48702,6517,548,12,55,,458,10,167,12,12
CA230443,Union del Sur - Site 137,Capulí,LS T1,red,,,,,,,<LOD,103583,208039,7423,10574,52357,6313,534,30,139,,455,12,161,9,22
CA230444,Union del Sur - Site 137,Capulí,LS T2,fabric,<LOD,17.72,49.48,0.77,1.16,5.83,<LOD,93763,231285,6408,8293,40748,4657,630,<LOD,45,41,337,9,185,11,18
CA230444,Union del Sur - Site 137,Capulí,LS T2,fugative black,,,,,,,<LOD,116647,212498,5939,5735,44510,6863,1073,16,38,,360,9,173,13,19
CA230444,Union del Sur - Site 137,Capulí,LS T2,red,,,,,,,<LOD,111106,226331,5828,5369,44490,7017,385,9,39,,346,8,213,12,17
CA230445,Union del Sur - Site 137,Capulí,LS T2,fabric,<LOD,18.57,58.9,1.13,1.64,4.42,<LOD,98290,275338,9399,11715,30912,4020,538,<LOD,36,41,492,6,220,15,16
CA230445,Union del Sur - Site 137,Capulí,LS T2,fugative black,,,,,,,<LOD,108159,256241,11275,11142,37739,4747,389,12,49,,501,10,210,14,16
CA230445,Union del Sur - Site 137,Capulí,LS T2,red,,,,,,,<LOD,89693,265165,11070,11114,38559,5855,502,11,36,,501,10,200,12,18
CA230446,Union del Sur - Site 137,Capulí,LS T2,fabric,<LOD,16.97,53.76,0.9,1.04,5.57,<LOD,89796,251290,7510,7467,38958,4612,342,<LOD,65,74,296,7,163,10,26
CA230446,Union del Sur - Site 137,Capulí,LS T2,fugative black,,,,,,,<LOD,108650,251775,8844,6038,36419,4347,296,12,52,,288,6,156,10,14
CA230446,Union del Sur - Site 137,Capulí,LS T2,red,,,,,,,<LOD,108971,254174,8719,5328,39228,5916,378,19,55,,259,7,161,12,16
CA230447,Union del Sur - Site 137,Capulí,LS T2,fabric,<LOD,16.45,52.37,0.95,1.25,4.96,<LOD,87052,244776,7910,8901,34686,4286,381,<LOD,37,46,403,9,291,14,17
CA230447,Union del Sur - Site 137,Capulí,LS T2,fugative black,,,,,,,<LOD,118920,206098,6108,3793,45578,6945,398,12,42,,390,11,220,17,14
CA230447,Union del Sur - Site 137,Capulí,LS T2,red,,,,,,,<LOD,112573,242713,7700,4970,46622,7701,411,12,44,,386,10,232,14,22
CA230448,Union del Sur - Site 137,Capulí,LS T3,fabric,1.67,19.13,52.89,0.91,1.77,5.32,10077,101256,247230,7591,12631,37215,4297,745,18,53,46,477,8,187,14,<LOD
CA230448,Union del Sur - Site 137,Capulí,LS T3,fugative black,,,,,,,10475,114495,221302,7351,12372,40659,5228,3231,45,71,,476,9,193,12,17
CA230448,Union del Sur - Site 137,Capulí,LS T3,red,,,,,,,<LOD,116209,244585,7806,10394,43110,5154,1142,24,63,,449,8,185,14,15
CA230449,Union del Sur - Site 137,Capulí,LS T3,fabric,<LOD,20.48,53.47,1.05,1.71,5.11,<LOD,108410,249957,8749,12225,35752,4502,1110,21,65,48,500,9,202,16,21
CA230449,Union del Sur - Site 137,Capulí,LS T3,fugative black,,,,,,,<LOD,91356,181838,7286,11772,36235,4468,14078,140,118,,474,12,196,15,13
CA230449,Union del Sur - Site 137,Capulí,LS T3,red,,,,,,,<LOD,115123,235105,8297,10341,41861,6766,1667,22,64,,484,7,234,17,17
CA230450,Union del Sur - Site 137,Capulí,LS T4,fabric,<LOD,18.79,43.43,0.7,2.61,6.78,<LOD,99466,202994,5795,18643,47390,<LOD,2259,35,58,43,633,13,191,14,<LOD
CA230450,Union del Sur - Site 137,Capulí,LS T4,fugative black,,,,,,,10963,82322,246154,10951,16744,49772,5851,1284,51,108,,629,9,215,15,16
CA230450,Union del Sur - Site 137,Capulí,LS T4,red,,,,,,,11326,78621,277555,11803,16795,42531,5453,905,23,62,,767,11,224,15,15
CA230451,Union del Sur - Site 137,Capulí,LS T4,fabric,<LOD,18.64,60.35,0.98,1.8,5.88,<LOD,98661,282084,8117,12845,41140,4848,1070,25,72,53,514,9,212,15,21
CA230451,Union del Sur - Site 137,Capulí,LS T4,fugative black,,,,,,,<LOD,114608,230211,12405,11503,45574,6038,641,26,103,,512,8,193,17,15
CA230451,Union del Sur - Site 137,Capulí,LS T4,red,,,,,,,<LOD,111859,257168,12477,12755,41030,4890,716,10,106,,522,11,205,9,15
CA230452,Union del Sur - Site 137,Capulí,LS T5,fabric,<LOD,18.6,53.14,1.17,1.88,4.48,<LOD,98459,248394,9741,13406,31313,3795,373,17,61,48,562,14,194,12,<LOD
CA230452,Union del Sur - Site 137,Capulí,LS T5,fugative black,,,,,,,11080,93316,256299,10593,12513,39927,6254,463,8,61,,548,11,181,12,10
CA230452,Union del Sur - Site 137,Capulí,LS T5,red,,,,,,,11346,82708,247074,10175,13277,41458,6171,394,14,61,,561,13,184,12,12
CA230453,Union del Sur - Site 137,Capulí,LS T5,fabric,<LOD,18.44,51.66,0.77,1.15,5.55,<LOD,97621,241453,6351,8240,38841,4468,651,<LOD,39,38,328,9,195,12,<LOD
CA230453,Union del Sur - Site 137,Capulí,LS T5,fugative black,,,,,,,<LOD,119253,204102,5221,4035,44469,7656,396,15,35,,334,8,186,13,12
CA230453,Union del Sur - Site 137,Capulí,LS T5,red,,,,,,,<LOD,107127,213353,5658,6671,46160,6886,486,<LOD,33,,390,8,187,11,15
CA230454,Union del Sur - Site 137,Capulí,LS T6,fabric,<LOD,21.53,51.95,0.89,1.27,5.54,<LOD,113935,242825,7351,9111,38773,4493,852,23,59,33,417,10,202,11,16
CA230454,Union del Sur - Site 137,Capulí,LS T6,red,,,,,,,<LOD,84053,235702,9406,8893,44682,7300,441,18,50,,423,9,224,10,13
CA230455,Union del Sur - Site 137,Capulí,LS T6,fabric,1.67,16.11,54.85,0.99,1.75,5.01,10083,85267,256383,8251,12530,35075,4695,447,<LOD,49,54,522,9,208,18,16
CA230455,Union del Sur - Site 137,Capulí,LS T6,red,,,,,,,12000,71306,258347,8578,13559,65165,7825,711,13,72,,559,12,229,17,11
CA230456,Union del Sur - Site 137,Capulí,LS T7,fabric,<LOD,16.43,54.33,0.89,1.51,5.01,<LOD,86957,253968,7408,10806,35055,4293,327,<LOD,47,55,401,7,199,<LOD,16
CA230456,Union del Sur - Site 137,Capulí,LS T7,fugative black,,,,,,,<LOD,108070,215556,6318,9152,44081,5224,294,7,49,,440,7,160,12,13
CA230456,Union del Sur - Site 137,Capulí,LS T7,red,,,,,,,<LOD,103532,221017,6390,8185,47367,6025,421,11,47,,390,8,186,11,10
CA230457,Union del Sur - Site 137,Capulí,LS T7,fabric,1.68,16.4,53.38,1.05,1.88,5.85,10155,86811,249497,8688,13450,40945,4606,830,<LOD,84,61,531,8,212,11,17
CA230457,Union del Sur - Site 137,Capulí,LS T7,fugative black,,,,,,,<LOD,107479,254397,11096,15130,44663,5981,1522,25,74,,471,9,213,11,19
CA230457,Union del Sur - Site 137,Capulí,LS T7,red,,,,,,,<LOD,110811,270879,11910,11625,40396,6850,988,15,63,,484,11,190,10,11
CA230458,Union del Sur - Site 137,Capulí,LS T8,fabric,<LOD,16.66,53.54,1.02,1.74,5.29,<LOD,88149,250251,8478,12438,37035,4576,440,<LOD,49,56,542,8,194,14,19
CA230458,Union del Sur - Site 137,Capulí,LS T8,fugative black,,,,,,,<LOD,84547,237959,12406,13954,40525,6326,872,34,69,,660,11,179,14,15
CA230458,Union del Sur - Site 137,Capulí,LS T8,red,,,,,,,<LOD,91511,239822,13849,10186,45542,7492,661,22,57,,614,12,209,14,11
CA230459,Union del Sur - Site 137,Capulí,LS T8,fabric,<LOD,17.47,55.69,0.94,1.75,5.2,<LOD,92444,260330,7775,12478,36364,5049,405,<LOD,55,53,451,8,227,15,<LOD
CA230459,Union del Sur - Site 137,Capulí,LS T8,fugative black,,,,,,,<LOD,113656,214109,7451,10989,43149,6073,501,12,52,,459,9,188,16,11
CA230459,Union del Sur - Site 137,Capulí,LS T8,red,,,,,,,<LOD,119627,199863,6850,8434,44635,5518,356,<LOD,49,,412,11,200,12,12
CA230460,Union del Sur - Site 137,Capulí,LS T8,fabric,1.71,20.11,52.27,1.04,1.96,5.81,10293,106434,244316,8673,14026,40647,4292,2625,21,73,59,502,11,206,11,19
CA230460,Union del Sur - Site 137,Capulí,LS T8,fugative black,,,,,,,10766,106729,245996,8670,14529,40233,7201,598,30,67,,494,13,218,14,13
CA230460,Union del Sur - Site 137,Capulí,LS T8,red,,,,,,,11235,97360,261972,8972,14827,41462,6625,604,15,65,,499,10,208,12,16
CA230461,Union del Sur - Site 137,Capulí,LS T8,fabric,<LOD,19.02,51.05,1.03,1.86,5.97,<LOD,100690,238602,8566,13280,41767,4309,772,16,54,59,482,11,201,11,19
CA230461,Union del Sur - Site 137,Capulí,LS T8,fugative black,,,,,,,<LOD,119724,252448,9592,13799,39473,5783,761,15,56,,462,8,196,13,16
CA230461,Union del Sur - Site 137,Capulí,LS T8,red,,,,,,,10511,111635,251790,9887,11375,41189,6833,529,15,52,,485,12,215,11,16
