Test Label,Date,sample,component,rep,Mg Concentration,Al Concentration,Si Concentration,P Concentration,S Concentration,K Concentration,Ca Concentration,Ti Concentration,V Concentration,Cr Concentration,Mn Concentration,Fe Concentration,Co Concentration,Ni Concentration,Cu Concentration,Zn Concentration,As Concentration,Se Concentration,Rb Concentration,Sr Concentration,Y Concentration,Zr Concentration,Nb Concentration,Mo Concentration,Ag Concentration,Cd Concentration,Sn Concentration,Sb Concentration,Ba Concentration,W Concentration,Au Concentration,Hg Concentration,Pb Concentration,Bi Concentration,Th Concentration,U Concentration,LE Concentration
1 [Col],06/06/2023,NIST 2711a,std,rep 1,15406,68395,261002,181,168,25265,23038,2921,78,48,656,29434,<LOD,27,710,378,150,7,119,268,31,281,18,23,40,105,49,125,1076,<LOD,<LOD,10,1378,24,<LOD,<LOD,728608
2 [Col],06/06/2023,NIST 2711a,std,rep 2,15196,68055,257114,177,246,25100,22126,3961,<LOD,39,742,29897,<LOD,33,712,387,135,<LOD,123,263,29,263,16,7,16,76,42,57,1067,<LOD,6,20,1359,<LOD,18,<LOD,731904
3 [Col],06/06/2023,NIST 2711a,std,rep 3,16362,68292,261493,85,245,24998,22349,3169,142,63,657,29356,148,42,699,383,74,4,124,262,29,306,24,<LOD,11,78,82,107,1201,<LOD,5,19,1407,33,<LOD,<LOD,727237
4 [Col],06/06/2023,NIST 2711a,std,rep 4,14584,68798,258313,243,221,25170,22990,3126,186,95,684,28880,<LOD,36,727,341,102,2,121,259,39,310,24,13,14,74,53,132,655,44,<LOD,22,1347,<LOD,22,<LOD,732344
5 [Col],06/06/2023,NIST 2711a,std,rep 5,16346,68521,262451,176,257,25769,22725,2834,<LOD,97,651,29052,122,21,718,398,145,3,120,257,32,294,13,4,39,89,76,140,1241,17,<LOD,14,1353,<LOD,11,4,726108
6 [Col],06/06/2023,NIST 679,std,rep 1,11618,90098,218211,<LOD,<LOD,23642,1554,5272,213,104,1353,91626,218,61,908,108,24,10,178,51,47,170,20,10,43,76,101,126,534,32,<LOD,<LOD,12,<LOD,<LOD,16,706587
7 [Col],06/06/2023,NIST 679,std,rep 2,10844,90719,217962,<LOD,<LOD,23408,1303,5395,240,129,1561,89718,470,41,911,101,19,6,186,45,45,157,20,13,19,50,<LOD,49,<LOD,<LOD,9,8,20,<LOD,30,<LOD,709596
8 [Col],06/06/2023,NIST 679,std,rep 3,11975,90447,217339,<LOD,<LOD,23538,1495,5457,158,78,1457,88786,385,56,952,132,17,6,192,54,36,154,19,14,19,27,26,71,504,17,<LOD,6,17,<LOD,20,<LOD,709443
9 [Col],06/06/2023,NIST 679,std,rep 4,11771,87623,213484,<LOD,<LOD,23108,1492,4604,139,31,1521,90073,195,81,999,108,28,6,196,44,45,166,20,9,31,<LOD,22,<LOD,606,<LOD,<LOD,7,4,<LOD,25,11,715442
10 [Col],06/06/2023,NIST 679,std,rep 5,12112,90489,217735,<LOD,<LOD,23431,1349,5363,138,107,1393,90512,268,55,900,109,21,2,194,53,43,154,17,12,35,30,59,90,1030,57,<LOD,8,16,<LOD,34,<LOD,707007
11 [Col],06/06/2023,SARM 69,std,rep 1,13709,76526,257506,327,<LOD,17075,14308,4872,89,202,922,50482,183,77,720,62,12,3,72,110,29,286,7,<LOD,18,15,35,72,1258,15,5,9,10,<LOD,11,<LOD,716059
12 [Col],06/06/2023,SARM 69,std,rep 2,13622,75672,256237,275,<LOD,17090,14055,4582,157,230,950,50338,184,82,717,70,6,2,73,106,30,258,<LOD,<LOD,32,26,42,74,808,<LOD,5,<LOD,15,23,<LOD,6,718977
13 [Col],06/06/2023,SARM 69,std,rep 3,13780,78657,263033,378,<LOD,17728,14219,4894,73,230,892,51263,81,60,695,72,5,2,76,108,35,295,8,8,14,18,39,102,1016,<LOD,8,13,22,<LOD,30,<LOD,708343
14 [Col],06/06/2023,SARM 69,std,rep 4,14013,77359,259477,380,<LOD,17389,13905,4856,278,235,900,51579,66,67,680,58,6,3,76,100,29,338,16,11,18,<LOD,29,68,1351,16,<LOD,5,17,<LOD,11,<LOD,712015
15 [Col],06/06/2023,SARM 69,std,rep 5,14286,77760,260453,313,<LOD,17061,13797,4280,145,197,979,50676,258,92,656,70,6,3,69,97,30,271,14,16,37,35,31,72,2076,<LOD,6,6,18,<LOD,12,7,711496
1 [Col],07/06/2023,NIST 2711a,std,rep 1,14252,68263,262212,119,130,25592,23173,3722,<LOD,59,781,29821,188,38,698,399,142,3,135,266,31,312,25,<LOD,28,81,30,122,889,<LOD,5,22,1438,<LOD,14,<LOD,727393
2 [Col],07/06/2023,NIST 2711a,std,rep 2,15171,68069,258473,196,152,24445,21616,3077,144,101,708,28677,<LOD,33,692,360,146,4,118,243,32,305,24,9,<LOD,68,44,44,1507,21,6,<LOD,1259,18,<LOD,10,733148
3 [Col],07/06/2023,NIST 2711a,std,rep 3,15056,69390,258678,223,170,25575,22951,3202,103,88,675,28611,63,31,734,378,115,<LOD,119,248,34,324,16,9,19,77,57,68,1134,<LOD,9,14,1350,<LOD,23,<LOD,730645
4 [Col],07/06/2023,NIST 2711a,std,rep 4,14898,69475,262233,81,123,25742,22588,3045,117,122,687,29967,66,28,716,411,133,4,122,271,24,296,24,7,23,104,33,74,662,<LOD,9,10,1382,<LOD,12,<LOD,726953
5 [Col],07/06/2023,NIST 2711a,std,rep 5,15312,68777,258201,202,202,25197,22394,3651,150,80,765,28090,140,36,707,402,128,3,119,260,34,349,16,17,20,56,40,84,1111,<LOD,11,9,1313,<LOD,13,<LOD,731690
6 [Col],07/06/2023,NIST 679,std,rep 1,10864,93377,222631,<LOD,<LOD,24106,1434,5696,218,121,1535,91622,236,45,844,117,20,10,187,51,42,163,18,10,32,43,58,52,698,18,<LOD,<LOD,14,<LOD,16,9,700035
7 [Col],07/06/2023,NIST 679,std,rep 2,12601,90330,217378,<LOD,<LOD,23658,1471,5320,118,87,1640,89016,241,53,925,135,31,8,185,49,33,159,28,26,<LOD,16,57,64,630,21,4,10,9,<LOD,15,<LOD,708503
8 [Col],07/06/2023,NIST 679,std,rep 3,10807,90790,218912,<LOD,<LOD,23302,1411,4882,177,92,1603,93207,<LOD,68,843,124,16,6,194,61,37,169,24,16,<LOD,21,33,73,1200,<LOD,5,12,15,<LOD,29,<LOD,705051
9 [Col],07/06/2023,NIST 679,std,rep 4,11346,87036,210294,<LOD,<LOD,22146,1382,5142,116,167,1368,82667,297,40,762,117,23,4,167,44,43,151,14,<LOD,50,68,42,40,617,<LOD,6,<LOD,9,41,<LOD,<LOD,726956
10 [Col],07/06/2023,NIST 679,std,rep 5,11895,90440,219276,<LOD,<LOD,23551,1400,4952,146,145,1733,93563,148,66,894,135,26,2,197,61,39,164,22,12,<LOD,<LOD,34,79,1423,30,<LOD,8,14,<LOD,12,<LOD,702574
11 [Col],07/06/2023,SARM 69,std,rep 1,13621,77075,261201,392,<LOD,17468,13843,4173,298,203,909,50482,70,48,653,51,11,3,73,96,28,347,16,6,16,33,58,60,470,72,<LOD,7,12,44,<LOD,8,713708
12 [Col],07/06/2023,SARM 69,std,rep 2,13424,76567,262417,275,<LOD,17404,13992,4667,95,227,978,51539,230,82,639,63,10,4,79,102,25,247,9,<LOD,<LOD,35,63,46,799,29,<LOD,6,14,<LOD,8,<LOD,711467
13 [Col],07/06/2023,SARM 69,std,rep 3,13145,78056,261324,323,<LOD,17660,14190,4728,132,250,1004,51741,182,49,667,59,8,7,79,94,30,272,9,8,27,14,60,96,1262,<LOD,4,<LOD,17,<LOD,<LOD,<LOD,710513
14 [Col],07/06/2023,SARM 69,std,rep 4,13194,78612,266546,328,<LOD,17039,14030,4593,136,275,952,50942,312,74,615,71,11,5,73,103,28,282,10,<LOD,23,47,70,34,605,30,<LOD,<LOD,16,<LOD,16,<LOD,707152
15 [Col],07/06/2023,SARM 69,std,rep 5,11923,78182,265931,366,<LOD,17292,14315,4276,173,262,985,51250,162,46,663,71,9,7,75,110,27,293,8,7,36,58,55,51,1531,<LOD,<LOD,6,15,<LOD,14,7,708323
2 [Col],08/06/2023,NIST 2711a,std,rep 1,14108,68765,261965,147,216,25611,22608,3145,85,38,655,28830,103,47,555,370,117,4,125,271,33,319,20,9,<LOD,76,74,98,1772,53,<LOD,6,1389,<LOD,9,5,728724
3 [Col],08/06/2023,NIST 2711a,std,rep 2,14786,67043,258900,193,199,25394,22975,3231,135,42,749,28990,204,26,587,414,144,<LOD,124,249,31,314,20,5,23,59,37,37,1229,23,<LOD,<LOD,1416,<LOD,29,<LOD,732041
4 [Col],08/06/2023,NIST 2711a,std,rep 3,15057,67779,261198,200,149,24613,22718,3586,119,143,654,29332,82,24,543,406,123,3,115,259,32,291,21,16,35,88,43,63,1029,28,<LOD,8,1310,<LOD,25,<LOD,729430
5 [Col],08/06/2023,NIST 2711a,std,rep 4,15533,67327,255281,205,184,24654,22468,3363,75,126,561,28655,<LOD,30,568,380,125,3,115,258,32,287,21,9,22,95,70,85,1184,48,<LOD,8,1296,26,<LOD,<LOD,735741
6 [Col],08/06/2023,NIST 2711a,std,rep 5,15071,68115,257607,184,161,24845,22090,3083,202,153,643,28079,137,43,546,404,149,3,116,245,33,315,17,10,<LOD,71,48,91,629,17,<LOD,8,1315,<LOD,17,<LOD,734761
7 [Col],08/06/2023,NIST 679,std,rep 1,9769,92172,219291,<LOD,<LOD,23535,1384,5409,220,<LOD,1603,89537,165,52,593,100,22,2,179,41,31,156,16,12,32,58,60,88,634,58,<LOD,<LOD,12,<LOD,18,<LOD,708506
8 [Col],08/06/2023,NIST 679,std,rep 2,11661,94095,222594,<LOD,<LOD,24338,1427,5180,210,94,1676,91289,265,64,624,126,24,5,194,49,33,159,23,11,28,48,62,94,<LOD,62,<LOD,<LOD,17,<LOD,41,<LOD,699973
9 [Col],08/06/2023,NIST 679,std,rep 3,12091,94632,224001,<LOD,<LOD,24182,1487,5177,143,109,1733,92700,240,63,640,121,24,6,192,48,32,156,24,<LOD,<LOD,15,53,71,<LOD,<LOD,6,<LOD,4,<LOD,10,5,696609
10 [Col],08/06/2023,NIST 679,std,rep 4,11492,92810,222277,<LOD,<LOD,23724,1308,5678,127,102,1565,91513,326,71,629,130,18,5,182,51,44,176,19,15,47,41,60,79,854,40,<LOD,<LOD,18,<LOD,24,<LOD,700429
11 [Col],08/06/2023,NIST 679,std,rep 5,12289,91531,220863,<LOD,<LOD,23832,1357,5010,160,118,1557,91485,183,50,598,118,23,7,198,53,39,163,11,14,40,68,60,164,605,<LOD,<LOD,7,12,<LOD,36,<LOD,702800
12 [Col],08/06/2023,SARM 69,std,rep 1,14791,78606,265484,425,<LOD,17717,13876,4504,314,199,1070,51427,235,51,518,58,5,2,77,106,33,321,12,7,18,25,55,80,878,39,<LOD,<LOD,15,<LOD,9,3,705151
13 [Col],08/06/2023,SARM 69,std,rep 2,14941,76553,259836,330,<LOD,17282,13434,4876,212,245,826,51466,179,59,536,54,17,2,77,108,24,241,8,6,29,50,46,<LOD,857,25,<LOD,<LOD,7,<LOD,21,5,712479
14 [Col],08/06/2023,SARM 69,std,rep 3,13904,79413,267378,365,<LOD,17716,14706,4364,196,207,922,51355,242,60,534,65,6,7,77,95,32,314,12,9,14,35,66,64,1029,<LOD,4,7,14,<LOD,15,<LOD,703670
15 [Col],08/06/2023,SARM 69,std,rep 4,12686,76793,264770,344,<LOD,17444,14059,4701,309,176,1181,52423,<LOD,53,536,71,7,2,82,113,28,294,7,15,<LOD,73,58,72,806,<LOD,8,7,15,16,<LOD,<LOD,708787
16 [Col],08/06/2023,SARM 69,std,rep 5,13693,78361,263921,369,<LOD,17205,13842,4304,198,147,889,50413,<LOD,46,492,78,4,9,78,102,27,254,8,6,32,46,66,47,622,<LOD,<LOD,10,25,<LOD,<LOD,<LOD,710613
1 [Col],09/06/2023,NIST 2711a,std,rep 1,13434,67975,256138,203,267,24449,22510,3056,92,74,645,27423,<LOD,24,595,384,145,<LOD,116,244,29,277,21,9,21,87,51,83,1697,<LOD,7,13,1296,<LOD,13,8,737954
2 [Col],09/06/2023,NIST 2711a,std,rep 2,15238,68918,259395,140,114,25333,22224,3895,113,33,692,28961,65,30,555,387,111,6,123,277,43,290,14,6,19,82,50,48,975,<LOD,6,10,1353,<LOD,8,<LOD,730173
3 [Col],09/06/2023,NIST 2711a,std,rep 3,14197,67748,257255,190,132,24678,22375,2726,75,74,589,28691,65,24,559,396,146,<LOD,114,254,30,317,15,6,17,82,61,115,1457,38,<LOD,6,1317,<LOD,<LOD,<LOD,735564
4 [Col],09/06/2023,NIST 2711a,std,rep 4,15624,70506,261592,166,214,25141,23285,3491,<LOD,165,696,29608,58,37,645,406,140,5,128,271,31,339,20,<LOD,15,106,31,79,1518,<LOD,10,20,1352,<LOD,<LOD,<LOD,724786
5 [Col],09/06/2023,NIST 2711a,std,rep 5,16523,71054,262067,217,201,25713,22431,3233,66,124,715,29267,92,27,560,394,124,2,118,254,31,308,20,4,40,124,86,77,1404,<LOD,<LOD,12,1384,<LOD,<LOD,<LOD,723754
6 [Col],09/06/2023,NIST 679,std,rep 1,9769,91309,219204,<LOD,<LOD,23521,1449,4883,158,90,1533,88714,<LOD,66,593,109,19,7,191,50,35,156,27,21,29,20,27,83,796,<LOD,9,<LOD,20,22,<LOD,<LOD,710706
7 [Col],09/06/2023,NIST 679,std,rep 2,10882,91716,220485,<LOD,<LOD,24023,1501,5414,181,137,1648,92110,<LOD,48,652,133,37,7,191,59,43,163,24,23,15,43,62,63,<LOD,42,<LOD,<LOD,8,<LOD,25,<LOD,704058
8 [Col],09/06/2023,NIST 679,std,rep 3,12055,94045,220807,<LOD,<LOD,23708,1427,5335,199,82,1653,91603,166,53,597,137,32,7,176,47,39,173,27,<LOD,<LOD,42,32,27,1230,<LOD,<LOD,6,12,<LOD,12,<LOD,700255
9 [Col],09/06/2023,NIST 679,std,rep 4,11354,92525,223167,<LOD,<LOD,24288,1402,5109,125,131,1624,90911,261,51,621,116,14,3,204,56,38,164,25,11,55,60,71,95,708,33,4,<LOD,13,<LOD,23,<LOD,700937
10 [Col],09/06/2023,NIST 679,std,rep 5,12477,88158,212333,<LOD,<LOD,22390,1347,5578,188,89,1518,84854,<LOD,50,605,140,22,9,163,37,41,138,18,4,<LOD,31,87,106,671,<LOD,<LOD,6,11,<LOD,<LOD,<LOD,720337
11 [Col],09/06/2023,SARM 69,std,rep 1,12303,76517,261536,293,<LOD,17335,13750,4693,<LOD,174,921,51086,130,53,523,73,7,4,84,114,37,290,11,18,<LOD,24,60,81,1198,19,<LOD,<LOD,18,<LOD,15,<LOD,714169
12 [Col],09/06/2023,SARM 69,std,rep 2,13268,77329,259925,366,<LOD,17340,13937,5219,<LOD,252,875,50994,242,78,528,49,5,4,72,103,33,322,12,7,18,33,66,63,658,21,<LOD,8,21,21,<LOD,<LOD,713600
13 [Col],09/06/2023,SARM 69,std,rep 3,12999,78872,264625,303,<LOD,17928,14099,4750,<LOD,190,917,52254,173,72,494,68,6,4,75,104,35,314,10,<LOD,12,<LOD,35,51,1003,<LOD,8,<LOD,22,<LOD,18,8,707092
14 [Col],09/06/2023,SARM 69,std,rep 4,12894,77526,263657,319,<LOD,17470,14275,4881,<LOD,248,853,51818,99,51,538,81,8,3,78,105,35,324,6,7,<LOD,29,71,58,<LOD,<LOD,4,<LOD,15,<LOD,10,<LOD,710595
15 [Col],09/06/2023,SARM 69,std,rep 5,12982,78326,264064,295,<LOD,17553,13880,5213,123,198,850,51862,68,94,544,62,7,<LOD,77,105,31,334,9,23,<LOD,<LOD,36,53,877,30,<LOD,9,19,<LOD,12,<LOD,708375
1 [Col],13/06/2023,NIST 2711a,std,rep 1,15464,72482,266609,276,189,26199,23712,3797,204,48,657,29081,91,37,443,403,119,3,119,269,35,342,20,5,<LOD,72,76,86,769,<LOD,<LOD,6,1362,<LOD,7,3,718921
2 [Col],13/06/2023,NIST 2711a,std,rep 2,15788,70680,266770,121,114,25453,22690,3156,91,133,593,28839,76,32,378,368,138,<LOD,122,256,33,297,18,5,40,101,77,99,913,<LOD,<LOD,19,1286,<LOD,23,5,722130
3 [Col],13/06/2023,NIST 2711a,std,rep 3,16657,70577,264937,187,210,25445,23440,3754,131,<LOD,639,28768,<LOD,23,407,396,127,2,121,249,28,279,18,5,35,103,44,58,1202,<LOD,10,18,1329,<LOD,<LOD,6,721553
4 [Col],13/06/2023,NIST 2711a,std,rep 4,15610,69751,265080,127,112,25590,22007,2989,<LOD,100,695,28978,71,20,335,386,154,3,124,258,28,310,17,14,<LOD,59,43,115,1436,16,<LOD,15,1323,33,8,<LOD,724535
5 [Col],13/06/2023,NIST 2711a,std,rep 5,15249,70785,265107,178,229,25311,23296,3336,<LOD,105,688,28114,111,24,351,384,124,5,117,239,27,273,23,13,<LOD,49,62,90,1241,<LOD,<LOD,10,1324,19,<LOD,5,724083
6 [Col],13/06/2023,NIST 679,std,rep 1,12623,91028,218799,<LOD,<LOD,23414,1478,5520,215,108,1742,90490,<LOD,53,415,107,21,4,182,51,42,178,19,<LOD,44,66,60,<LOD,1927,<LOD,5,8,13,40,<LOD,<LOD,704317
7 [Col],13/06/2023,NIST 679,std,rep 2,11756,92835,221562,<LOD,<LOD,23876,1416,5594,153,76,1631,90424,172,62,347,127,21,7,181,37,44,181,21,<LOD,<LOD,46,59,62,559,<LOD,8,<LOD,8,<LOD,26,<LOD,702581
8 [Col],13/06/2023,NIST 679,std,rep 3,9769,87924,215456,<LOD,<LOD,23255,1435,5409,142,136,1705,90164,<LOD,67,406,136,24,5,189,53,47,162,17,9,<LOD,<LOD,64,94,637,35,<LOD,7,13,<LOD,26,12,715017
9 [Col],13/06/2023,NIST 679,std,rep 4,9769,92004,222606,<LOD,<LOD,24295,1438,5548,<LOD,93,1578,93798,327,65,422,110,24,6,194,48,37,169,23,10,20,54,69,50,1238,<LOD,<LOD,11,15,<LOD,32,6,700214
10 [Col],13/06/2023,NIST 679,std,rep 5,11348,93862,222884,<LOD,<LOD,24279,1634,5119,195,84,1731,91793,155,57,402,120,28,8,184,50,42,167,21,15,<LOD,63,54,56,480,<LOD,8,5,4,<LOD,24,<LOD,699677
11 [Col],13/06/2023,SARM 69,std,rep 1,13795,76706,265469,331,<LOD,16968,14217,4503,163,224,1025,50699,96,42,321,66,16,2,72,96,28,292,10,12,<LOD,<LOD,59,66,867,25,<LOD,14,9,<LOD,13,<LOD,709473
12 [Col],13/06/2023,SARM 69,std,rep 2,13517,78899,264042,353,<LOD,17398,14058,4596,153,172,961,51363,<LOD,72,338,62,7,6,70,105,29,315,4,8,22,19,29,41,702,52,<LOD,<LOD,11,<LOD,<LOD,5,708791
14 [Col],13/06/2023,SARM 69,std,rep 3,13063,77670,266629,319,<LOD,17509,13998,3632,76,218,999,51203,177,48,319,63,7,7,75,98,38,279,9,12,<LOD,<LOD,73,41,1032,<LOD,<LOD,<LOD,17,23,<LOD,<LOD,708665
15 [Col],13/06/2023,SARM 69,std,rep 4,13155,77484,265664,368,<LOD,17017,14467,4139,153,252,1009,51309,151,66,322,61,9,5,71,104,30,323,18,5,<LOD,<LOD,<LOD,91,927,<LOD,<LOD,10,14,<LOD,<LOD,10,708875
16 [Col],13/06/2023,SARM 69,std,rep 5,13995,79465,266676,340,<LOD,17609,15093,5014,148,207,1008,52095,168,71,315,82,7,5,75,93,30,276,6,11,<LOD,34,48,127,597,<LOD,<LOD,<LOD,12,<LOD,<LOD,5,703267
1 [Col],14/06/2023,NIST 2711a,std,rep 1,14514,69621,260878,152,209,25806,22636,3500,151,57,634,29837,112,26,368,396,105,5,122,260,37,269,15,4,<LOD,75,31,75,813,<LOD,<LOD,12,1358,<LOD,<LOD,<LOD,728369
2 [Col],14/06/2023,NIST 2711a,std,rep 2,13762,69277,261147,167,178,25040,22754,2893,<LOD,<LOD,670,29289,192,32,377,400,161,5,125,266,39,292,21,15,<LOD,57,76,62,2350,50,<LOD,<LOD,1359,17,<LOD,<LOD,729215
3 [Col],14/06/2023,NIST 2711a,std,rep 3,15094,70012,260175,158,98,25572,23570,3349,<LOD,<LOD,637,29014,102,10,389,395,138,4,117,244,31,271,12,8,11,73,26,68,1421,34,<LOD,7,1368,<LOD,18,<LOD,728223
4 [Col],14/06/2023,NIST 2711a,std,rep 4,14423,68886,261413,124,116,24787,22654,3525,86,147,622,27924,<LOD,20,361,357,119,5,112,258,38,309,24,11,<LOD,76,48,116,915,42,<LOD,10,1296,22,<LOD,4,731107
5 [Col],14/06/2023,NIST 2711a,std,rep 5,15557,67096,262799,230,186,25287,22628,3107,<LOD,138,660,28728,200,25,381,395,141,3,120,266,25,329,21,12,24,50,45,97,1052,18,<LOD,8,1356,<LOD,11,<LOD,728699
6 [Col],14/06/2023,NIST 679,std,rep 1,11288,93410,221930,<LOD,<LOD,24021,1455,5406,270,119,1458,93463,<LOD,52,373,112,21,3,183,47,45,171,22,18,28,25,56,73,<LOD,41,<LOD,16,15,<LOD,<LOD,<LOD,700069
7 [Col],14/06/2023,NIST 679,std,rep 2,9769,91158,219610,<LOD,<LOD,24175,1481,5849,136,147,1546,93895,116,47,403,120,25,4,197,50,42,162,23,9,15,<LOD,<LOD,36,<LOD,34,4,<LOD,11,<LOD,37,<LOD,704703
8 [Col],14/06/2023,NIST 679,std,rep 3,11661,94568,222879,<LOD,<LOD,24054,1374,4994,155,<LOD,1577,91039,<LOD,83,428,144,20,3,188,43,35,157,20,9,<LOD,18,70,87,767,<LOD,9,8,16,<LOD,23,<LOD,700031
9 [Col],14/06/2023,NIST 679,std,rep 4,11180,91140,216874,<LOD,<LOD,23287,1344,5497,261,112,1763,90819,<LOD,72,442,122,16,7,182,54,42,162,26,11,26,35,61,88,951,20,<LOD,19,15,<LOD,13,<LOD,708327
10 [Col],14/06/2023,NIST 679,std,rep 5,11945,92074,221004,<LOD,<LOD,23542,1402,5109,186,126,1513,91839,<LOD,81,386,122,23,<LOD,197,48,38,162,27,16,74,47,71,66,1144,44,<LOD,<LOD,22,<LOD,13,<LOD,702200
11 [Col],14/06/2023,SARM 69,std,rep 1,12560,77115,262716,299,<LOD,17200,13598,4180,134,238,1031,51261,201,68,320,61,5,5,82,105,35,284,6,14,18,40,52,53,1816,33,<LOD,<LOD,21,20,<LOD,<LOD,712065
12 [Col],14/06/2023,SARM 69,std,rep 2,13010,76707,261540,226,<LOD,17259,13685,4271,96,146,957,50681,150,73,292,69,14,5,81,116,35,303,9,13,<LOD,14,37,58,1871,<LOD,<LOD,<LOD,11,19,<LOD,<LOD,713691
13 [Col],14/06/2023,SARM 69,std,rep 3,13069,77628,263263,344,<LOD,17570,13832,4381,159,116,1026,51397,99,37,316,61,5,3,77,98,35,303,15,6,32,37,46,39,817,30,<LOD,<LOD,14,<LOD,15,<LOD,711070
14 [Col],14/06/2023,SARM 69,std,rep 4,12900,77463,264651,412,<LOD,17490,14606,4927,155,335,960,51507,215,72,329,78,7,4,80,109,34,296,4,6,29,18,85,104,829,46,<LOD,<LOD,18,20,<LOD,<LOD,708457
15 [Col],14/06/2023,SARM 69,std,rep 5,13411,77436,261143,287,<LOD,17471,14485,4143,102,213,862,50336,212,71,316,67,9,4,77,100,28,246,12,5,<LOD,43,<LOD,36,1051,<LOD,4,6,14,36,<LOD,<LOD,713671
1 [Col],15/06/2023,NIST 2711a,std,rep 1,14406,70601,266886,194,101,25791,23140,3702,79,118,697,29017,66,20,271,395,161,5,121,258,28,323,18,6,16,87,51,60,737,38,<LOD,<LOD,1361,<LOD,<LOD,<LOD,722563
2 [Col],15/06/2023,NIST 2711a,std,rep 2,14507,69332,262826,204,170,25689,23268,3291,127,115,794,29907,95,28,316,381,143,4,131,258,30,342,22,16,20,97,74,102,954,25,7,9,1372,<LOD,8,<LOD,726077
3 [Col],15/06/2023,NIST 2711a,std,rep 3,15879,69400,264460,161,130,24858,23022,3356,<LOD,73,697,28784,66,32,261,377,100,4,116,266,36,306,26,12,<LOD,73,56,64,1780,34,<LOD,9,1338,<LOD,10,<LOD,724445
4 [Col],15/06/2023,NIST 2711a,std,rep 4,15055,69317,263373,123,128,25377,22040,2987,<LOD,95,779,28625,<LOD,37,297,370,98,2,122,261,34,264,18,11,25,90,47,91,1027,21,4,6,1349,<LOD,9,<LOD,728047
5 [Col],15/06/2023,NIST 2711a,std,rep 5,14797,69450,264869,221,127,26161,23097,3110,85,57,632,29923,<LOD,34,248,411,148,6,117,268,32,311,9,6,24,77,51,91,1315,25,6,<LOD,1373,<LOD,20,<LOD,723916
6 [Col],15/06/2023,NIST 679,std,rep 1,11574,90355,216641,<LOD,<LOD,23352,1467,5431,81,100,1621,89805,326,51,219,114,23,4,197,55,39,163,21,15,24,27,61,138,961,32,<LOD,<LOD,4,20,<LOD,<LOD,709885
7 [Col],15/06/2023,NIST 679,std,rep 2,9769,89292,216964,<LOD,<LOD,23585,1423,5797,167,131,1823,92308,<LOD,79,260,113,24,6,196,55,39,155,21,23,<LOD,44,74,45,608,46,<LOD,<LOD,9,<LOD,24,<LOD,709846
8 [Col],15/06/2023,NIST 679,std,rep 3,9769,94512,223310,<LOD,<LOD,24433,1459,5536,155,126,1674,94985,196,63,231,120,24,2,206,57,47,179,22,20,28,29,<LOD,78,748,48,<LOD,<LOD,13,<LOD,30,<LOD,696835
9 [Col],15/06/2023,NIST 679,std,rep 4,11058,92185,221121,<LOD,<LOD,24018,1449,5470,283,50,1484,90475,177,49,244,121,19,3,189,49,48,157,30,9,15,34,105,114,476,41,<LOD,<LOD,25,<LOD,16,8,704375
10 [Col],15/06/2023,NIST 679,std,rep 5,12225,91954,221134,<LOD,<LOD,23924,1403,5982,<LOD,82,1569,92175,162,74,257,132,23,7,187,56,38,165,35,24,21,41,50,112,827,<LOD,<LOD,13,8,<LOD,9,<LOD,700865
11 [Col],15/06/2023,SARM 69,std,rep 1,13995,78039,266307,239,<LOD,17535,14623,4409,270,200,961,51043,93,65,177,62,7,7,73,107,35,361,10,11,30,37,43,36,<LOD,<LOD,6,<LOD,17,23,<LOD,<LOD,707571
12 [Col],15/06/2023,SARM 69,std,rep 2,13442,78961,266243,320,<LOD,17688,13807,4567,124,193,1006,50732,63,51,179,72,6,4,76,106,35,307,11,15,<LOD,24,54,71,529,26,<LOD,10,15,<LOD,13,4,707672
13 [Col],15/06/2023,SARM 69,std,rep 3,13222,78058,265269,252,<LOD,17463,14277,4467,78,261,1079,50697,193,44,210,57,10,3,80,113,37,262,8,7,13,52,49,35,1532,36,<LOD,8,12,<LOD,16,<LOD,708383
14 [Col],15/06/2023,SARM 69,std,rep 4,12711,79497,269757,331,<LOD,17918,14094,4418,167,241,943,51999,136,49,200,79,16,4,76,106,29,265,4,<LOD,<LOD,15,54,89,617,<LOD,<LOD,5,8,<LOD,<LOD,<LOD,703313
15 [Col],15/06/2023,SARM 69,std,rep 5,13255,77463,264568,271,<LOD,17723,14086,4653,124,200,1019,52020,238,77,207,74,4,3,85,106,33,276,8,11,<LOD,<LOD,54,75,1028,17,<LOD,10,16,<LOD,29,<LOD,708366
1 [Col],16/06/2023,NIST 2711a,std,rep 1,14384,66551,259347,82,173,25044,22069,3362,137,84,629,28466,77,27,303,383,126,4,122,253,31,285,18,13,<LOD,81,36,79,1296,<LOD,<LOD,8,1355,<LOD,13,<LOD,734332
2 [Col],16/06/2023,NIST 2711a,std,rep 2,15319,68885,261955,108,109,25497,23231,3742,<LOD,84,706,29432,75,27,327,411,146,<LOD,127,263,35,347,26,<LOD,33,77,36,85,1363,43,<LOD,13,1380,<LOD,<LOD,8,726419
3 [Col],16/06/2023,NIST 2711a,std,rep 3,14470,68749,258949,94,100,25251,22103,3313,139,100,673,28061,<LOD,29,251,372,89,6,125,255,31,283,22,7,30,86,50,101,<LOD,<LOD,5,7,1334,24,<LOD,<LOD,734604
4 [Col],16/06/2023,NIST 2711a,std,rep 4,15494,69119,263320,175,229,25460,23137,4278,196,104,668,30162,<LOD,24,320,395,176,<LOD,123,268,33,337,24,10,<LOD,106,59,80,614,41,<LOD,<LOD,1356,<LOD,13,<LOD,724037
5 [Col],16/06/2023,NIST 2711a,std,rep 5,14739,69461,261636,166,117,25422,22445,3150,<LOD,69,565,29808,75,32,263,391,173,3,111,268,32,307,18,7,22,97,50,117,1332,<LOD,<LOD,16,1301,<LOD,20,<LOD,728028
6 [Col],16/06/2023,NIST 679,std,rep 1,12730,94004,223819,<LOD,<LOD,24236,1413,6303,345,45,1706,92541,184,66,264,142,23,9,193,53,38,177,24,16,<LOD,48,37,35,577,54,<LOD,<LOD,13,30,<LOD,6,695096
7 [Col],16/06/2023,NIST 679,std,rep 2,10938,92600,221779,<LOD,<LOD,24070,1463,5217,322,169,1374,89439,152,68,229,167,26,4,184,50,40,154,25,8,18,42,82,36,<LOD,<LOD,4,<LOD,19,<LOD,12,6,705402
8 [Col],16/06/2023,NIST 679,std,rep 3,9769,95182,221733,<LOD,<LOD,24061,1476,5487,105,124,1617,93442,145,42,237,127,15,7,199,62,34,169,24,17,24,17,29,50,1247,20,<LOD,8,21,<LOD,<LOD,<LOD,699339
9 [Col],16/06/2023,NIST 679,std,rep 4,13102,91256,221472,<LOD,<LOD,24136,1492,5958,137,123,1711,93493,<LOD,81,227,110,28,4,195,51,38,169,22,5,22,37,87,57,539,16,<LOD,<LOD,8,<LOD,19,<LOD,698803
10 [Col],16/06/2023,NIST 679,std,rep 5,11808,92052,220513,<LOD,<LOD,24044,1473,5214,148,41,1619,93357,<LOD,45,207,124,24,3,185,40,30,160,24,10,<LOD,57,71,93,666,18,<LOD,<LOD,4,<LOD,17,6,701673
11 [Col],16/06/2023,SARM 69,std,rep 1,12628,78743,267030,302,<LOD,17250,14035,4809,99,228,856,50693,<LOD,55,194,59,13,3,78,99,32,259,9,<LOD,44,61,35,27,570,33,<LOD,4,12,<LOD,<LOD,<LOD,708200
12 [Col],16/06/2023,SARM 69,std,rep 2,13066,79366,269789,392,<LOD,17653,14746,4724,108,184,964,52161,255,61,221,73,6,7,75,111,34,301,7,7,14,35,59,69,402,<LOD,<LOD,<LOD,21,<LOD,22,4,702234
13 [Col],16/06/2023,SARM 69,std,rep 3,11538,78915,266501,320,<LOD,17407,14066,4503,249,293,1000,51206,71,73,216,73,5,2,79,109,35,299,15,11,12,25,36,90,1128,<LOD,8,8,17,42,<LOD,<LOD,708378
14 [Col],16/06/2023,SARM 69,std,rep 4,13429,78984,266633,275,<LOD,17858,14356,4909,178,198,1018,51021,273,56,235,78,5,3,76,104,29,332,8,14,<LOD,<LOD,64,67,<LOD,25,<LOD,9,15,<LOD,8,<LOD,706452
15 [Col],16/06/2023,SARM 69,std,rep 5,12648,78607,269833,296,<LOD,17704,14409,4361,155,161,992,50157,186,53,231,79,4,8,77,107,27,309,8,<LOD,17,27,57,79,881,<LOD,<LOD,<LOD,17,<LOD,11,<LOD,705505
2-RP1 [Col],18/07/2023,NIST 2711a,std,rep 1,12476,65610,256442,<LOD,<LOD,23905,21743,2681,114,34,614,27652,162,26,172,364,118,2,114,257,37,268,21,11,23,94,77,117,1039,<LOD,<LOD,7,1274,<LOD,11,<LOD,743061
3 [Col],18/07/2023,NIST 2711a,std,rep 2,9769,63834,247201,<LOD,<LOD,24006,21803,2925,<LOD,106,630,27470,160,21,219,391,147,<LOD,125,252,29,325,17,9,38,83,35,77,1228,<LOD,<LOD,<LOD,1317,33,<LOD,<LOD,755656
4 [Col],18/07/2023,NIST 2711a,std,rep 3,11619,66901,261294,<LOD,<LOD,25476,22424,3200,73,93,556,28425,<LOD,14,203,399,108,4,113,253,31,278,25,9,14,61,32,93,847,<LOD,<LOD,4,1335,48,<LOD,4,736244
5 [Col],18/07/2023,NIST 2711a,std,rep 4,9769,64800,250249,<LOD,<LOD,23506,22133,3275,258,<LOD,742,28431,152,25,197,356,154,3,118,258,36,293,22,21,13,86,29,115,1540,16,<LOD,15,1303,<LOD,<LOD,<LOD,750336
6 [Col],18/07/2023,NIST 2711a,std,rep 5,11692,68983,265943,<LOD,<LOD,25462,22701,3740,<LOD,<LOD,688,28967,124,23,194,386,142,3,111,262,29,320,18,16,<LOD,87,60,108,878,42,<LOD,7,1285,<LOD,7,4,728763
7 [Col],18/07/2023,NIST 679,std,rep 1,9769,85225,214541,<LOD,<LOD,23039,1523,5225,111,92,1530,88109,215,50,106,142,17,4,188,50,45,169,19,9,45,40,59,80,1139,18,<LOD,<LOD,19,<LOD,28,<LOD,720118
8 [Col],18/07/2023,NIST 679,std,rep 2,9769,84742,211766,<LOD,<LOD,22496,1527,5254,<LOD,52,1522,89423,249,50,119,112,14,5,189,41,31,161,23,8,15,65,64,84,619,16,<LOD,<LOD,20,<LOD,27,<LOD,722721
9 [Col],18/07/2023,NIST 679,std,rep 3,9769,89634,219126,<LOD,<LOD,23664,1499,4804,<LOD,51,1588,91517,254,25,100,121,26,<LOD,195,50,44,169,35,14,29,70,28,46,1316,40,<LOD,<LOD,9,<LOD,44,<LOD,709056
10 [Col],18/07/2023,NIST 679,std,rep 4,9769,92374,219717,<LOD,<LOD,23561,1447,5343,73,96,1741,88720,261,28,104,115,28,6,193,45,39,151,26,21,22,25,74,45,974,43,<LOD,<LOD,4,21,9,<LOD,708796
11 [Col],18/07/2023,NIST 679,std,rep 5,9769,73653,183996,<LOD,<LOD,16881,1123,3561,106,56,995,56927,159,17,73,76,17,3,108,6,27,87,12,14,<LOD,13,21,65,506,17,<LOD,<LOD,4,22,<LOD,<LOD,796111
12 [Col],18/07/2023,SARM 69,std,rep 1,11453,76044,263795,153,<LOD,17075,13967,4780,152,200,954,51305,135,46,131,63,9,5,68,95,35,288,13,5,19,32,71,49,<LOD,14,<LOD,8,13,<LOD,<LOD,5,714734
13 [Col],18/07/2023,SARM 69,std,rep 2,11444,77799,265877,156,<LOD,17302,14127,4519,145,174,959,51046,345,40,124,66,14,4,72,95,30,264,9,7,34,44,42,34,1242,31,<LOD,<LOD,11,<LOD,<LOD,9,710375
14 [Col],18/07/2023,SARM 69,std,rep 3,11981,74935,264070,90,<LOD,16609,13955,4526,104,189,924,50426,71,56,127,57,10,4,72,99,32,291,4,24,28,38,47,44,1895,<LOD,<LOD,<LOD,14,<LOD,9,<LOD,714508
15 [Col],18/07/2023,SARM 69,std,rep 4,11664,77359,268069,157,<LOD,17333,14238,4495,172,116,963,50623,158,58,98,58,4,4,77,108,30,264,10,10,<LOD,37,51,47,456,58,<LOD,<LOD,13,<LOD,16,<LOD,709787
16 [Col],18/07/2023,SARM 69,std,rep 5,12951,78952,265823,143,<LOD,17384,13847,4593,124,198,845,51522,122,59,90,65,9,<LOD,77,102,31,419,9,11,<LOD,18,80,118,1150,37,<LOD,<LOD,17,19,<LOD,<LOD,707549
2 [Col],28/07/2023,NIST 2711a,std,rep 1,14364,69070,265404,<LOD,<LOD,26057,23133,3397,85,80,699,28811,66,26,172,371,149,3,119,264,31,266,22,13,14,93,22,67,1066,<LOD,<LOD,19,1299,<LOD,19,<LOD,725815
3 [Col],28/07/2023,NIST 2711a,std,rep 2,11917,67136,259771,<LOD,<LOD,25098,23342,3270,84,<LOD,723,28588,120,19,208,397,89,8,125,262,26,330,26,5,29,107,45,104,1058,34,<LOD,9,1413,<LOD,12,<LOD,735882
4 [Col],28/07/2023,NIST 2711a,std,rep 3,12926,69693,269942,<LOD,<LOD,26351,23012,3636,132,47,690,29321,139,20,205,399,130,2,122,268,38,253,24,16,18,80,67,106,917,<LOD,<LOD,10,1396,<LOD,10,7,721803
5 [Col],28/07/2023,NIST 2711a,std,rep 4,13502,67773,260657,<LOD,<LOD,25619,23480,3790,210,42,656,28837,99,28,219,402,134,<LOD,125,258,29,307,22,7,22,83,40,99,793,27,<LOD,9,1344,<LOD,12,<LOD,731791
6 [Col],28/07/2023,NIST 2711a,std,rep 5,14298,70707,269225,<LOD,<LOD,25800,23144,3502,<LOD,<LOD,629,29408,106,9,177,387,120,4,126,267,32,285,15,6,28,77,69,80,1307,45,<LOD,<LOD,1331,<LOD,12,<LOD,720370
7 [Col],28/07/2023,NIST 679,std,rep 1,9769,91405,221429,<LOD,<LOD,24130,1563,5686,106,81,1586,93651,181,49,80,145,27,8,192,56,40,169,16,11,19,27,65,32,716,<LOD,5,<LOD,12,<LOD,22,4,702739
8 [Col],28/07/2023,NIST 679,std,rep 2,9769,86250,213640,<LOD,<LOD,23175,1397,5419,79,43,1684,89590,280,49,55,125,29,3,188,52,39,154,26,<LOD,<LOD,20,47,92,1052,<LOD,6,<LOD,4,<LOD,20,<LOD,718582
9 [Col],28/07/2023,NIST 679,std,rep 3,9769,80961,202047,<LOD,<LOD,21293,1325,5116,236,129,1350,79404,<LOD,47,72,120,27,3,160,33,31,124,12,4,<LOD,60,52,60,340,<LOD,<LOD,<LOD,4,<LOD,18,<LOD,746288
10 [Col],28/07/2023,NIST 679,std,rep 4,9769,82882,207972,<LOD,<LOD,22277,1385,5432,174,39,1608,86798,<LOD,70,44,107,19,5,167,35,37,145,22,9,<LOD,23,83,105,897,33,<LOD,<LOD,9,<LOD,15,<LOD,730172
11 [Col],28/07/2023,NIST 679,std,rep 5,9769,92709,220575,<LOD,<LOD,23892,1461,5831,211,99,1676,91518,167,54,68,114,32,7,192,46,48,173,17,6,20,19,82,145,<LOD,38,<LOD,<LOD,9,<LOD,14,<LOD,705105
12 [Col],28/07/2023,SARM 69,std,rep 1,13925,78546,271283,129,<LOD,17273,14552,4879,88,217,952,50218,113,62,53,64,7,4,72,93,30,269,7,9,<LOD,42,41,82,854,27,<LOD,<LOD,18,<LOD,<LOD,<LOD,702824
13 [Col],28/07/2023,SARM 69,std,rep 2,13011,77452,273545,142,<LOD,17662,14765,4990,189,189,834,51731,<LOD,45,71,60,10,4,76,99,34,292,9,7,23,26,47,151,717,13,<LOD,<LOD,9,22,<LOD,<LOD,700830
14 [Col],28/07/2023,SARM 69,std,rep 3,12524,78837,268196,152,<LOD,17805,14523,4495,163,198,900,51005,164,43,96,82,6,4,81,108,30,250,6,15,33,36,48,77,925,<LOD,<LOD,<LOD,19,<LOD,10,<LOD,706193
15 [Col],28/07/2023,SARM 69,std,rep 4,13390,79768,272812,178,<LOD,17689,14853,4889,176,200,1036,51802,<LOD,44,91,69,6,6,78,107,29,282,8,5,<LOD,19,48,104,1070,14,<LOD,4,17,<LOD,<LOD,<LOD,698691
16 [Col],28/07/2023,SARM 69,std,rep 5,13047,79527,275533,156,<LOD,17932,14782,5101,290,222,956,51382,258,65,90,69,13,5,79,104,30,306,10,5,30,75,83,111,515,18,<LOD,<LOD,11,<LOD,18,7,696930
1 [Col],31/07/2023,NIST 2711a,std,rep 1,12707.1,69973.2,270704,<LOD,<LOD,26262.8,24432.2,3213.7,80.8,31.7,607.4,29322.6,134.5,27.2,210.5,408.1,145.8,3.6,125,273.2,30.5,276.6,22.4,8,36,106.8,<LOD,<LOD,979.6,<LOD,<LOD,18,1381.1,<LOD,19.5,<LOD,720924.6
2 [Col],31/07/2023,NIST 2711a,std,rep 2,9769,68773.2,265099.5,<LOD,<LOD,25923.5,23518,3431.5,149.9,<LOD,704.5,29575.7,<LOD,17.2,169.5,421.6,156.4,3.6,121.5,255.9,31.8,305.4,21.9,17.3,40.6,91.5,<LOD,37.8,<LOD,21.3,<LOD,10.8,1371.3,<LOD,16.5,7.4,731682.8
3 [Col],31/07/2023,NIST 2711a,std,rep 3,13621.3,69320.5,266486.9,43.1,<LOD,25504.7,23554.3,3314.9,<LOD,35.3,777.2,29070,146.7,18.9,193.1,377.6,136.7,4,120.1,249.9,37.8,341.5,28.1,11,<LOD,75.8,42.9,73.4,963.8,35.9,<LOD,11.4,1349.7,<LOD,<LOD,<LOD,725256.9
4 [Col],31/07/2023,NIST 2711a,std,rep 4,14380.6,72043.2,269929.3,61.3,<LOD,26112,23385,3464.4,219.1,49.6,568.4,29471.8,52.8,3,187.1,375.7,142.2,3,122.3,261,22.2,285.1,20.9,4.5,17.1,102.7,75.3,63.7,1036.1,<LOD,<LOD,4.8,1293.7,<LOD,10.7,<LOD,718363
5 [Col],31/07/2023,NIST 2711a,std,rep 5,14976.1,71722.3,268740.2,<LOD,<LOD,26303.7,24051.2,3229.9,164.5,114.5,576.3,28453,<LOD,28.1,176.1,396.1,121.6,1.7,116,252.7,32.6,284.3,17.7,6.2,27.7,80.4,66.2,88,620.7,19.1,<LOD,6.1,1353.4,<LOD,18.2,<LOD,720158.5
6 [Col],31/07/2023,NIST 679,std,rep 1,9769,89984.2,217554.2,<LOD,<LOD,23425.3,1519.1,5332.2,140.6,<LOD,1674.5,93830.3,188.1,36.8,83.7,121.7,23.5,5.4,181.8,45.3,38.8,163,24.5,8.9,25.1,30.9,69.8,28.2,720.3,52.3,<LOD,<LOD,4,<LOD,<LOD,4.2,708046.1
7 [Col],31/07/2023,NIST 679,std,rep 2,9769,88735.2,217199.4,<LOD,<LOD,24070.1,1565.6,5352.6,<LOD,106.8,1667.1,92355.9,265.2,43.6,60.8,104.6,17.2,2.1,186.6,52.2,45.8,168.9,22.7,20.9,53.2,57.3,71.9,118.5,1329.7,54.8,<LOD,<LOD,18.9,<LOD,27.8,6.7,709568.3
8 [Col],31/07/2023,NIST 679,std,rep 3,9769,89633.5,219551.7,<LOD,<LOD,23684,1457.3,4556,72.5,52.3,1651.1,92242.3,180.6,27.3,30.6,113.6,19.1,2.3,190,47.9,35.1,152.9,21.8,7,21.5,<LOD,58.7,142.5,1683.3,18.7,<LOD,<LOD,12.6,<LOD,29.3,<LOD,707894.7
9 [Col],31/07/2023,NIST 679,std,rep 4,9769,86618,216105.1,<LOD,<LOD,23349.8,1519,5142.6,107.5,80.4,1513.9,87108.9,375.3,28,78.5,115.8,23.1,3.2,180.1,45.1,38.7,146.1,13.3,12.6,32.5,71.6,72.3,59.4,1479.7,<LOD,<LOD,<LOD,9.7,<LOD,32.7,<LOD,718165.8
10 [Col],31/07/2023,NIST 679,std,rep 5,11982.6,88737.1,218700.1,<LOD,<LOD,23745.8,1447.8,6006.9,<LOD,80.3,1588.8,87990.1,260.1,53,48.2,125.1,11.4,4.4,182.8,53.3,40.1,150.6,22.3,20.6,31.5,20.1,72.8,65.5,<LOD,<LOD,<LOD,<LOD,15.1,<LOD,15,<LOD,711190.1
11 [Col],31/07/2023,SARM 69,std,rep 1,9769,79809.1,273396.7,174.4,<LOD,17892.1,14871.3,4675.6,285.1,174.8,951.5,51263,195.6,57.4,94.8,80.4,6.7,3.5,78.3,99,32.5,301.8,7.1,13.2,31.5,40.1,33.4,52.2,416.9,<LOD,<LOD,<LOD,12.6,25.5,<LOD,<LOD,703392
12 [Col],31/07/2023,SARM 69,std,rep 2,12466.3,79839.8,275590.9,214.6,<LOD,18162.1,15119.5,4471.6,156.1,85.4,1021.8,52636.5,92.3,55.5,68.1,69,7,4.5,73.9,99.7,29.8,307.8,6.7,15,25.5,48,45.4,69.8,940.2,18.9,<LOD,<LOD,15.1,<LOD,19.7,6,696404.9
13 [Col],31/07/2023,SARM 69,std,rep 3,11503.8,79102.5,273846.4,183.9,<LOD,17480.9,15017,4695,358.6,116.2,1012,49654,309.9,57.9,64.7,68.3,7,4,77.2,100.6,30.6,240.8,17,12.3,<LOD,28.7,34.1,51.1,<LOD,<LOD,<LOD,<LOD,14.9,<LOD,7.8,<LOD,703627.4
14 [Col],31/07/2023,SARM 69,std,rep 4,12680.5,77637.8,268016.8,200.7,<LOD,16973.2,14587,4004.3,231.3,253.7,918.7,48230.5,203.1,40,59.2,57.4,3.8,3.3,69.8,112.8,28.7,257.6,9.9,14.6,20.1,36.5,46.5,92.1,502.8,17.9,<LOD,<LOD,13.6,<LOD,<LOD,<LOD,711133.7
15 [Col],31/07/2023,SARM 69,std,rep 5,9769,52187,183229.4,51.2,<LOD,9859.6,6761.3,2140.5,41.2,59.4,409.9,22205.3,<LOD,10.1,26.9,22.7,1.2,2.6,30.6,<LOD,10.4,66.5,2.1,5.8,<LOD,<LOD,<LOD,23.6,483.5,6.6,<LOD,<LOD,4,<LOD,5,<LOD,851772.3
2 [Col],01/08/2023,NIST 2711a,std,rep 1,11843.7,68700.7,264254.4,<LOD,<LOD,25573.2,23266.5,3299.8,<LOD,64.5,697.1,28108.3,<LOD,25.6,152,401.2,143.9,<LOD,117.8,251.6,31.4,332.6,14.5,4.1,16.3,81.8,78.5,82.3,1652.1,<LOD,6.9,13,1289,33.5,<LOD,<LOD,730576.2
3 [Col],01/08/2023,NIST 2711a,std,rep 2,9769,70251.3,267427.2,<LOD,<LOD,25509.2,23212,2777.9,98.4,111.2,597.4,28949.6,<LOD,19.5,177.7,413.3,137.9,4.6,124.2,260.5,39.7,303.7,19.5,10.7,32.6,109.9,<LOD,29.2,1582.9,<LOD,<LOD,<LOD,1324.2,<LOD,10,6,728713.1
4 [Col],01/08/2023,NIST 2711a,std,rep 3,13338.4,71830,264324.8,<LOD,<LOD,25853.1,23069.1,3686.3,163.8,122.5,669.6,28173.8,160.5,25.1,173.6,381.6,124.8,<LOD,114.7,257.7,30.5,279,15.3,6.8,20.8,69.2,<LOD,53.8,977.5,<LOD,5.7,<LOD,1303.2,<LOD,<LOD,<LOD,726343.8
5 [Col],01/08/2023,NIST 2711a,std,rep 4,15708.5,70646.7,267313.9,<LOD,<LOD,26339.3,23682.4,3502.5,122.3,46,728,28834,89.2,22.6,179.5,413.6,136.6,5.4,117.7,261.6,44.5,322.4,23.6,7.7,33.7,91.2,44.3,47.4,1019.5,<LOD,<LOD,<LOD,1369.1,21.1,<LOD,<LOD,720410.7
6 [Col],01/08/2023,NIST 2711a,std,rep 5,12120.7,71407.3,268031.3,64.2,<LOD,26422,24401.2,3912,150.1,58.2,679.7,29438,101.4,25.9,160.6,422.5,147.8,<LOD,122.8,267.4,34.8,334.3,21.2,5.5,<LOD,43.8,47.5,46.2,390.8,42.5,<LOD,8.4,1353.2,<LOD,18.3,<LOD,722389.5
7 [Col],01/08/2023,NIST 679,std,rep 1,9769,93168.4,221370.9,<LOD,<LOD,24086.2,1523.9,5328.1,145.2,62.8,1523.7,92412.5,172.9,56.9,57.3,144.7,21.1,4.5,187.4,50.6,36,164.2,14,10.4,24.9,<LOD,80,62.1,1011.4,<LOD,<LOD,8.1,12.6,<LOD,28.9,<LOD,702858.2
8 [Col],01/08/2023,NIST 679,std,rep 2,9769,91607.8,219989.6,<LOD,<LOD,23919.2,1474.7,5399.4,90.7,84.8,1737.3,91561.9,<LOD,43.3,32,123.1,27.5,3.3,182,42.3,35.9,154.1,14.6,15.4,<LOD,25.1,40.4,54.8,1154,28,<LOD,<LOD,11.4,<LOD,14.6,<LOD,706225.1
9 [Col],01/08/2023,NIST 679,std,rep 3,9769,94451.2,225959,<LOD,<LOD,24593.6,1587.4,5322.5,385,62.1,1707.1,91478.7,139.6,61.1,49.1,122.4,30.1,3.4,196.5,48.2,40,160.7,14.3,<LOD,37.7,38.6,73.4,55.7,348.3,30.3,<LOD,<LOD,8.7,<LOD,30.4,<LOD,698463.5
10 [Col],01/08/2023,NIST 679,std,rep 4,9769,92202.6,222986.3,<LOD,<LOD,24206.9,1548.3,5005.3,197.9,67.6,1615.2,92459.4,243.7,62.9,83.4,120.5,19.7,7.1,186.5,52.5,32.8,150,21.7,18.3,26.1,45.6,53.2,55.1,1731.9,<LOD,<LOD,9.6,13.7,<LOD,20.7,<LOD,701383.5
11 [Col],01/08/2023,NIST 679,std,rep 5,12465.8,88922.6,216343.9,<LOD,<LOD,23753.1,1551.3,5339.9,130.9,75.2,1556.9,89229.1,179.8,53.4,62.3,114.6,16.8,5.9,189.4,46.9,42.3,158.4,8.1,<LOD,<LOD,16.8,66.5,105.7,1372.8,35.2,<LOD,7.8,16.2,<LOD,35.2,<LOD,710621.7
12 [Col],01/08/2023,SARM 69,std,rep 1,11314,75952.4,262828.5,134.6,<LOD,17176.5,14046.4,4530.5,103.7,161.2,949.6,51165.8,244.2,50.1,61.3,47.1,6.2,3.5,74.1,108.6,35.8,329.7,11.8,6.7,14.5,20.9,40.2,58.8,1787.5,56.4,<LOD,<LOD,16.8,35.2,<LOD,<LOD,714367.8
13 [Col],01/08/2023,SARM 69,std,rep 2,13411.2,79157.7,268087.8,83.9,<LOD,17563.2,14462.4,5371.1,93.1,198.5,993.5,52934.1,109.3,49,73.3,83.7,5.7,1.9,78.4,114.8,35.2,313.1,3.7,5.9,<LOD,40.2,61.1,61.8,930.1,19.8,<LOD,<LOD,15.9,25.2,<LOD,<LOD,702356.9
14 [Col],01/08/2023,SARM 69,std,rep 3,12100.2,78886.3,271695.6,158.2,<LOD,17329,14509,4670.8,181.8,108.1,1033.6,51405.9,79.9,59.6,61.2,56.4,10.5,5.6,81.3,112.6,34.4,268.2,10.1,17.4,12.6,44,46.3,47.5,712.5,24.1,<LOD,<LOD,13.1,52.1,<LOD,5.4,703324.5
15 [Col],01/08/2023,SARM 69,std,rep 4,11440.9,77238.6,270726.4,116.4,<LOD,17827.7,14660.7,4715.9,117.1,251.7,925.6,51576.4,<LOD,67.3,84.5,63.1,7.5,3.6,79.2,97.4,31.1,271.4,12.9,11.6,<LOD,28.8,52.8,<LOD,664.9,40.7,<LOD,<LOD,14.4,<LOD,7.8,<LOD,705949.6
16 [Col],01/08/2023,SARM 69,std,rep 5,13479.1,79346.6,271069.4,217.7,<LOD,17895.5,14634.7,4181.8,194.9,164.7,885.3,51153.6,62.6,32.4,58.7,58.9,10.6,3.3,77.9,93.3,35.1,259,9.3,16.3,<LOD,43,32.5,42.6,1277.1,32.2,<LOD,6.8,10.9,<LOD,9.7,<LOD,701909.2
2 [Col],02/08/2023,NIST 2711a,std,rep 1,14904.3,72373.6,267316.1,63.9,<LOD,25672.6,23292.2,3755.4,160.3,<LOD,721.4,29710.7,93.7,21.5,195.3,408.8,125.7,2.4,117.5,272.3,31.4,321.6,19.3,11,35.7,84.2,75.9,106.4,633.6,<LOD,<LOD,13.7,1324.3,<LOD,10.7,<LOD,719786.7
3 [Col],02/08/2023,NIST 2711a,std,rep 2,13846,68572,265496.3,<LOD,<LOD,25726.5,22985.6,3413.4,128.7,<LOD,562.1,28755,75.5,11.4,158.1,404.2,129.8,4.7,123.2,266.5,32.8,303.3,21.8,8.7,15.6,96.9,38.3,62.9,1701.8,<LOD,5.9,<LOD,1295.3,26.1,<LOD,<LOD,726537.3
4 [Col],02/08/2023,NIST 2711a,std,rep 3,15486.9,69826.7,265869.5,<LOD,<LOD,25236.5,23313.5,4110.9,133.4,64.2,642.3,28957.6,127.5,16.9,167,394.5,93.4,3.3,109.7,270.9,38.6,299.7,22.4,<LOD,16.2,90.8,28.5,88.5,838,<LOD,6.2,7.8,1301.8,<LOD,<LOD,<LOD,723147.2
5 [Col],02/08/2023,NIST 2711a,std,rep 4,13166,70375.6,273831.8,<LOD,<LOD,26689.4,23746.1,3861.6,<LOD,<LOD,657.4,30413.2,103.3,22.7,177.2,397.3,169.2,3.6,117.3,261.7,30.3,288.8,18.4,15.8,<LOD,93.2,<LOD,80.6,2215.8,44.7,<LOD,15.2,1365.5,<LOD,20.5,8.1,714400.6
6 [Col],02/08/2023,NIST 2711a,std,rep 5,13497.5,70781.5,270252.5,<LOD,<LOD,26623.9,23924.9,3630.2,204.6,34.7,606.2,29020.2,<LOD,15.1,154.6,397.8,127.9,6.4,116.5,261.8,34.4,284.7,23,6.6,27.8,104.7,38.8,56,1025.7,44.4,<LOD,<LOD,1320,<LOD,<LOD,<LOD,719794.5
7 [Col],02/08/2023,NIST 679,std,rep 1,9769,91872.5,223046.5,<LOD,<LOD,24141,1455,5173.9,197.3,158.7,1442.5,89659.9,373.7,60.8,74.5,124.2,30.5,2.9,189.4,52.1,42.5,160.1,8.4,7,<LOD,34.7,97.5,130.9,1026.5,26.7,<LOD,<LOD,12.2,<LOD,27.4,<LOD,704868.4
8 [Col],02/08/2023,NIST 679,std,rep 2,9769,90330.7,218594.9,<LOD,<LOD,24268.3,1559.9,5656.4,84.7,40.8,1627.5,93097.5,96,78.7,39.2,119.3,14,5.7,189.9,45.1,33.8,157.7,23.6,10.4,23.2,53.4,55.4,108.5,913.4,20.4,<LOD,<LOD,8.8,20.5,<LOD,<LOD,706575.4
9 [Col],02/08/2023,NIST 679,std,rep 3,9769,94513.5,227128,<LOD,<LOD,24955.6,1642.4,5744.4,117.8,98.4,1714.4,93163.2,211,50.2,104.9,125.7,18.8,2.7,197.6,49.4,36.2,167.9,27.5,13.7,26,31.7,54.2,56.5,492.6,52.1,<LOD,<LOD,16.4,<LOD,13.5,<LOD,694911.3
10 [Col],02/08/2023,NIST 679,std,rep 4,9769,91120,221946.5,<LOD,<LOD,24655,1482.5,5645.7,86.9,70.4,1648.4,91807.2,<LOD,23.3,80.2,137,15.6,5.5,184.5,60.7,27.2,162.8,23.8,14.2,25.5,43.6,125.4,111.4,<LOD,<LOD,<LOD,5.5,23.5,<LOD,35.7,<LOD,704864.4
11 [Col],02/08/2023,NIST 679,std,rep 5,9769,96929.8,227238.5,<LOD,<LOD,24690.7,1465.6,5189.7,82,52.5,1725.4,91240.5,284.7,45.8,48.6,127.8,23.2,7.9,191.4,53.7,48.2,157.7,21.5,11.8,<LOD,37.3,54.5,127.1,1163.9,20.2,<LOD,<LOD,13.5,<LOD,24,<LOD,695069.7
12 [Col],02/08/2023,SARM 69,std,rep 1,12911.4,80094.2,275286.3,162.3,<LOD,17828.4,15269.3,4763.9,210.4,209.2,969.9,51632.9,106.3,59.4,79.2,67.8,4.5,4.4,74.5,96,35.5,283.4,5.8,10.3,<LOD,<LOD,<LOD,66,383.7,43.1,<LOD,<LOD,19.8,<LOD,<LOD,<LOD,697367.6
13 [Col],02/08/2023,SARM 69,std,rep 2,11314,75451.1,267164.3,156.5,<LOD,17252.8,14497.8,4491.1,277.5,119.9,993.1,49725.5,130.5,50.6,80.2,74.3,10.3,4,70.2,106,31.2,306.8,11.7,12.3,12.7,23.9,53.2,25.6,790.4,<LOD,<LOD,4.9,8.6,28.7,<LOD,<LOD,712889.9
14 [Col],02/08/2023,SARM 69,std,rep 3,12876.9,79211.8,273694.6,187.8,<LOD,17662.2,15221.4,5024.1,193,168.9,891.9,51612.6,314.7,81.4,64.8,66.1,10.9,3.5,78.3,104.9,31.9,291.9,11.2,<LOD,42.6,75.6,68.5,49.3,757.9,<LOD,<LOD,<LOD,9.2,35.8,<LOD,3.8,698783.6
15 [Col],02/08/2023,SARM 69,std,rep 4,12073.2,80963.3,275159.3,230.7,<LOD,17684,15415.2,4741.6,115.1,187.1,958.7,51234.6,<LOD,71,83.8,67.9,9,2.1,73.8,104.9,33.2,267.3,6.8,12.2,26,39,49.8,76.8,931.6,13.5,<LOD,<LOD,15.8,<LOD,<LOD,<LOD,697715.3
16 [Col],02/08/2023,SARM 69,std,rep 5,12482.3,79668.9,272626.5,176.6,<LOD,17794,14868.7,4573.6,105.4,142.6,994.2,50938,342.4,58.5,77.9,64.5,4.8,3.3,74.4,98.6,29.2,262,9.1,9.6,12.5,<LOD,54.2,66.6,1154.2,25.6,<LOD,<LOD,15.7,20.1,<LOD,<LOD,700917.4
2 [Col],03/08/2023,NIST 2711a,std,rep 1,13256,72252.2,271126.3,<LOD,<LOD,26104.5,24448.5,2996.3,197.2,<LOD,787.5,29307,208.9,28.5,170.9,389.4,136,<LOD,119.4,258.7,34.7,251.9,17.4,14,<LOD,96.9,43.4,103.7,1212.6,40.5,<LOD,<LOD,1350.2,<LOD,<LOD,<LOD,717910.6
3 [Col],03/08/2023,NIST 2711a,std,rep 2,13390.4,72898,272749.4,<LOD,<LOD,26431.3,24295.8,3071.2,132.7,44.2,696.1,28402,56.3,42.9,217.2,370.1,135.5,<LOD,118.5,263.7,41.4,353.5,13.8,<LOD,<LOD,66.3,47.9,32.8,426.6,<LOD,<LOD,15.5,1310.2,39.1,<LOD,4.8,717526.2
4 [Col],03/08/2023,NIST 2711a,std,rep 3,15005.5,71096.6,271226.3,<LOD,<LOD,26485.3,24377.8,3403.7,71.2,35.9,673.6,29044.8,46.7,27.2,208.8,381.1,138.2,1.8,115.5,275.4,33.5,341.4,16.2,14.1,<LOD,40.6,19.4,70.9,779.6,17.3,5.4,7.9,1385.8,<LOD,8.7,<LOD,717084.7
5 [Col],03/08/2023,NIST 2711a,std,rep 4,13690.3,71131.2,269403.4,<LOD,<LOD,26384.8,24049.9,3229.5,119.7,70.8,735.7,30386.7,82.3,31.9,177.6,431.2,156,3,116.5,270.1,38.6,289.2,24.9,20.5,16.2,58.2,27.6,115.4,900.7,<LOD,<LOD,10.6,1331.2,<LOD,<LOD,<LOD,719050.8
6 [Col],03/08/2023,NIST 2711a,std,rep 5,13943.6,71189.6,271424.7,<LOD,<LOD,26253.2,23737.1,3500.7,92.1,45.8,588.2,28682.2,128.6,12.5,180.9,396.1,136.4,7,123.4,261,33.5,268.3,16.5,9,14,72.4,18.1,40.4,720.9,<LOD,<LOD,7,1331.8,17.1,16.5,<LOD,719040.5
7 [Col],03/08/2023,NIST 679,std,rep 1,9769,94568,225547,<LOD,<LOD,24619,1540.2,5839.9,320,76.3,1388.4,91467.4,217.4,38.1,62.6,125.1,15.4,5.1,190.9,62.3,48.4,158.1,10.7,4.2,27.6,<LOD,33.8,75.3,<LOD,<LOD,<LOD,<LOD,13.7,<LOD,31.6,6.9,698966.9
8 [Col],03/08/2023,NIST 679,std,rep 2,9769,91842,220225.3,<LOD,<LOD,24001.8,1626.8,5565.9,201,126.4,1704.1,92040.4,<LOD,51.9,80.7,127.4,16.9,1.8,187.7,49,42.2,174.1,22.1,10.4,41.8,62.2,37.5,69.6,659.5,27,<LOD,<LOD,8.1,<LOD,<LOD,<LOD,705234.5
9 [Col],03/08/2023,NIST 679,std,rep 3,9769,94413.3,226600.7,<LOD,<LOD,24768,1515.6,5338.8,244.9,71.5,1692.8,95273.2,<LOD,68.8,49.2,125.7,30.1,2.6,179.8,48.1,32.9,150.7,19.6,10,18.7,51.6,62.7,110.2,794.2,<LOD,<LOD,<LOD,4,<LOD,53.3,<LOD,693840.3
10 [Col],03/08/2023,NIST 679,std,rep 4,9769,96429.1,228069,<LOD,<LOD,25379,1679.9,5958.9,187.6,101.6,1857.6,93325,<LOD,35.2,87.8,123.5,24.9,3.6,201.9,48.8,38.3,165.7,18.6,13.1,37.9,18,55.1,92.3,<LOD,55.7,<LOD,<LOD,11.9,<LOD,38.1,<LOD,692341.8
11 [Col],03/08/2023,NIST 679,std,rep 5,9769,92394.1,224719.3,<LOD,<LOD,24825.5,1563.3,5762.1,162.7,56.6,1507.3,93611.7,174.2,39.1,60,125.5,21.4,7,200.6,51.5,39.9,152.8,14,10.1,<LOD,22.4,43.1,65.7,<LOD,44.3,<LOD,<LOD,15.6,<LOD,40.1,5,699270.6
12 [Col],03/08/2023,SARM 69,std,rep 1,13206.4,79680.3,273349.9,160.9,<LOD,17850.9,14710.9,4464.2,315.4,258.6,965.6,51543.6,290.6,59.6,69.4,72.6,6,3.3,76.7,105.6,30.8,292.9,13.8,15,13.6,39.5,67.4,82.7,1199.9,16.4,<LOD,<LOD,17,33,<LOD,7,698561.9
13 [Col],03/08/2023,SARM 69,std,rep 2,12033.3,80845.2,277054.4,193,<LOD,18043.1,15100.6,5079.4,138.1,289.9,991.6,52495.4,88.4,66.9,95.2,88.6,14,3.9,79.7,96.7,33.1,341.3,6.6,5.1,24.1,37.9,57.5,131.6,439.4,<LOD,<LOD,8.3,12.6,<LOD,23.9,<LOD,694565.7
14 [Col],03/08/2023,SARM 69,std,rep 3,12111.3,79589.8,266934,168.5,<LOD,17500,14685.7,5180.9,101.5,271.2,971.3,52425.6,137.4,63,81,77,9.3,5.9,78,96.6,25.4,297.1,14.5,9.2,17.7,52.6,58.7,64.4,<LOD,16.6,<LOD,6.3,12.7,<LOD,10.1,<LOD,705958.6
15 [Col],03/08/2023,SARM 69,std,rep 4,13215.8,79105,270687,173.7,<LOD,17935.4,15101.3,4497.5,<LOD,142.7,818.6,49860.8,82.7,58.5,64.1,74.4,<LOD,4.3,71,90,26.7,306,8.6,7.8,14.3,15.4,43.2,104.8,1264.1,14.1,<LOD,<LOD,19.4,<LOD,<LOD,3.3,703623.8
16 [Col],03/08/2023,SARM 69,std,rep 5,12103.6,80910.9,277523.9,192.2,<LOD,17877.5,14888.3,4590.6,123.8,273.1,884.8,50384.8,<LOD,58.4,69.5,63.9,7.1,<LOD,74.4,104.8,28,274.2,7.9,8.4,<LOD,26.9,39.6,37.4,423.9,23.9,<LOD,<LOD,17.9,22.8,<LOD,<LOD,697389.2
2 [Col],22/08/2023,NIST2711a,standard,rep 1,14760,70232,268661,<LOD,<LOD,26393,23816,3677,83,<LOD,683,29996,132,14,168,432,128,<LOD,121,278,36,273,26,19,21,61,63,107,1269,18,<LOD,13,1395,<LOD,25,<LOD,718910
3 [Col],22/08/2023,NIST2711a,standard,rep 2,14426,69390,265667,<LOD,<LOD,25815,23732,3057,<LOD,60,630,27819,165,20,168,402,115,5,120,251,36,302,21,7,18,53,30,68,523,<LOD,<LOD,13,1282,<LOD,12,<LOD,727036
4 [Col],22/08/2023,NIST2711a,standard,rep 3,12755,71235,270876,<LOD,<LOD,26686,24899,3342,<LOD,<LOD,643,31171,108,13,186,415,164,<LOD,125,286,36,258,17,7,15,91,64,88,1554,40,<LOD,13,1383,<LOD,27,<LOD,716586
5 [Col],22/08/2023,NIST2711a,standard,rep 4,13524,72131,273188,<LOD,<LOD,26732,25129,3237,174,37,564,30852,<LOD,13,166,423,129,2,121,264,28,322,25,13,42,82,77,97,413,17,<LOD,16,1393,<LOD,8,<LOD,714227
6 [Col],22/08/2023,NIST2711a,standard,rep 5,15315,69374,268265,<LOD,<LOD,26716,23751,3051,105,48,668,28666,<LOD,29,178,377,145,3,117,270,34,293,23,9,60,75,34,52,905,54,<LOD,<LOD,1361,<LOD,9,8,721682
7 [Col],22/08/2023,NIST 679,standard,rep 1,9769,91548,220028,<LOD,<LOD,24321,1647,5431,228,92,1707,92569,<LOD,61,66,116,23,10,188,54,40,152,20,14,<LOD,35,38,79,925,37,<LOD,8,16,<LOD,8,4,704839
8 [Col],22/08/2023,NIST 679,standard,rep 2,9769,90271,220672,<LOD,<LOD,24200,1641,5422,100,34,1702,92503,168,80,67,123,27,8,186,55,33,162,25,17,50,51,86,112,758,54,<LOD,<LOD,14,22,<LOD,<LOD,705381
9 [Col],22/08/2023,NIST 679,standard,rep 3,9769,89990,220593,<LOD,<LOD,24447,1511,5802,191,32,1631,93159,97,70,91,122,23,6,202,50,43,174,23,10,28,37,53,111,<LOD,<LOD,<LOD,<LOD,20,<LOD,38,<LOD,705423
10 [Col],22/08/2023,NIST 679,standard,rep 4,9769,92589,221544,<LOD,<LOD,23967,1395,5071,234,<LOD,1792,90363,240,48,56,128,26,4,188,50,36,157,20,6,<LOD,<LOD,45,47,848,21,<LOD,13,18,<LOD,24,<LOD,705513
11 [Col],22/08/2023,NIST 679,standard,rep 5,9769,86754,214973,<LOD,<LOD,23412,1555,5461,280,87,1534,90772,264,62,55,115,16,3,188,54,37,166,20,9,<LOD,24,44,106,<LOD,<LOD,<LOD,5,22,<LOD,9,5,716433
12 [Col],22/08/2023,SARM 69,standard,rep 1,12959,78233,268081,153,<LOD,17555,14858,4707,126,152,1051,51303,174,71,55,62,7,2,78,105,29,251,10,10,<LOD,34,43,44,1000,<LOD,8,9,22,<LOD,<LOD,<LOD,705621
13 [Col],22/08/2023,SARM 69,standard,rep 2,12578,77958,268299,152,<LOD,17717,14568,4505,216,262,963,50567,235,59,82,72,3,3,74,104,26,285,6,<LOD,50,46,30,57,1202,<LOD,4,<LOD,19,<LOD,7,<LOD,706662
14 [Col],22/08/2023,SARM 69,standard,rep 3,9769,79959,272472,189,<LOD,18406,14985,4338,327,177,940,52366,<LOD,67,102,72,10,3,77,97,27,307,5,10,19,20,36,55,635,16,<LOD,<LOD,18,<LOD,18,8,702944
15 [Col],22/08/2023,SARM 69,standard,rep 4,11560,78729,270051,200,<LOD,17752,15286,4774,343,103,904,51803,242,40,85,71,13,4,75,102,40,264,4,10,18,32,56,91,429,<LOD,<LOD,<LOD,14,17,<LOD,<LOD,704431
16 [Col],22/08/2023,SARM 69,standard,rep 5,13471,79687,275295,235,<LOD,18390,15354,5409,<LOD,195,1006,52766,<LOD,44,138,73,10,<LOD,77,106,33,306,12,11,<LOD,51,63,66,906,<LOD,<LOD,<LOD,16,<LOD,28,<LOD,694334
1 [Col],14/05/2024,NIST 2711a,std,rep 1,14782,69584,265770,<LOD,<LOD,26958,24551,3181,<LOD,87,655,29057,50,17,163,363,132,5,119,251,31,351,25,7,12,80,23,82,1518,38,<LOD,<LOD,1319,<LOD,<LOD,<LOD,722799
2 [Col],14/05/2024,NIST 2711a,std,rep 2,13594,69569,260279,<LOD,<LOD,26870,24961,2981,71,104,690,28836,92,21,178,398,153,3,124,252,28,303,18,10,17,67,39,87,1535,41,<LOD,10,1352,<LOD,<LOD,<LOD,729210
3 [Col],14/05/2024,NIST 2711a,std,rep 3,12937,69986,266201,<LOD,<LOD,26372,24421,2891,126,97,613,27918,165,22,145,400,130,3,120,250,29,318,26,11,19,66,27,82,1962,30,<LOD,10,1294,36,<LOD,<LOD,725456
4 [Col],14/05/2024,NIST 2711a,std,rep 4,14818,69948,267316,<LOD,<LOD,27258,25880,3342,<LOD,99,790,29792,<LOD,33,177,418,143,<LOD,121,267,29,320,14,5,16,87,86,95,1510,<LOD,<LOD,9,1379,<LOD,9,5,718820
5 [Col],14/05/2024,NIST 2711a,std,rep 5,13830,70391,268520,<LOD,<LOD,26742,25026,3436,203,<LOD,608,29764,<LOD,38,177,388,123,<LOD,120,257,26,272,23,13,<LOD,79,31,80,1418,<LOD,<LOD,<LOD,1325,<LOD,7,<LOD,719716
6 [Col],14/05/2024,NIST 679,std,rep 1,9769,89060,218471,466,<LOD,24860,1920,5720,417,88,1537,88368,178,51,89,134,25,6,186,49,37,161,15,<LOD,15,64,131,80,<LOD,30,4,<LOD,4,<LOD,19,<LOD,711778
7 [Col],14/05/2024,NIST 679,std,rep 2,9769,88828,216347,462,<LOD,24403,1925,5176,174,84,1536,85986,270,47,62,123,18,4,189,44,35,155,16,11,42,32,43,62,548,<LOD,<LOD,<LOD,13,24,<LOD,<LOD,716953
8 [Col],14/05/2024,NIST 679,std,rep 3,9769,87222,214286,430,<LOD,24395,1930,5333,244,95,1658,87508,225,41,63,124,12,<LOD,190,48,40,165,18,10,<LOD,<LOD,72,74,<LOD,<LOD,<LOD,<LOD,21,<LOD,17,<LOD,718860
9 [Col],14/05/2024,NIST 679,std,rep 4,9769,86831,214539,418,<LOD,24004,1894,5361,193,55,1696,86980,299,50,49,135,25,6,189,49,37,151,15,<LOD,43,49,53,116,1348,<LOD,<LOD,<LOD,10,<LOD,10,<LOD,718231
10 [Col],14/05/2024,NIST 679,std,rep 5,9769,86280,213695,427,<LOD,23776,1941,4949,244,92,1579,85726,302,48,69,114,14,4,176,42,46,159,19,11,<LOD,24,83,46,886,<LOD,<LOD,<LOD,12,<LOD,12,<LOD,721842
11 [Col],14/05/2024,SARM 69,std,rep 1,9769,71191,250042,854,<LOD,17196,15037,4521,108,205,857,49523,<LOD,60,62,69,10,4,77,95,36,320,11,6,16,32,42,49,597,<LOD,<LOD,<LOD,14,<LOD,7,<LOD,733530
12 [Col],14/05/2024,SARM 69,std,rep 2,9769,70552,248683,821,<LOD,17164,14365,4602,<LOD,195,929,48913,<LOD,57,76,65,5,3,73,88,30,279,7,9,<LOD,<LOD,58,69,1064,20,<LOD,<LOD,13,23,<LOD,4,735887
13 [Col],14/05/2024,SARM 69,std,rep 3,13439,71516,257006,882,<LOD,17682,15379,4552,168,152,885,50340,126,56,68,72,8,3,78,111,31,330,8,10,31,31,38,56,686,25,<LOD,<LOD,18,<LOD,9,<LOD,720882
14 [Col],14/05/2024,SARM 69,std,rep 4,9769,69959,252919,865,<LOD,17135,15238,4527,202,161,904,49328,228,35,91,71,7,3,78,97,32,303,10,14,<LOD,36,70,87,<LOD,25,<LOD,<LOD,15,<LOD,<LOD,<LOD,732135
15 [Col],14/05/2024,SARM 69,std,rep 5,9769,69631,253411,786,<LOD,17271,14651,4590,240,156,873,49049,184,53,73,75,5,6,71,91,30,264,8,8,14,34,57,69,621,33,<LOD,<LOD,12,<LOD,<LOD,<LOD,732008
