Sample,Ware,component,n= (for fabric) or analysis # (for inclusions),SiO2,Na2O,MgO,Al2O3,P2O5,S,K2O,CaO,MnO,FeO,TiO2,PbO,BaO,Zn,V2O5,Ni,Cu*,Ce*,Co*,Sr*,Or,Ab,An
CA230128,red slip,fabric,5,73.8,1.46,0.45,16.41,0,0,1.15,2.37,0,3.68,0.69,0,0,0,0,0,0,0,0,0,0,0,0
CA230129,red slip,fabric,6,70.83,1.33,0.45,16.38,0,0,1.34,2.31,0,6.1,0.88,0,0.39,0,0,0,0,0,0,0,0,0,0
CA230150,Tuza,fabric,5,77.34,2.16,0.97,16.6,0,0,1.07,1.26,0,0.33,0.29,0,0,0,0,0,0,0,0,0,0,0,0
CA230163,Tuza,fabric,10,72.54,1.74,0.42,15.81,0.81,0,1.42,2.06,0.19,4.18,0.83,0,0,0,0,0,0,0,0,0,0,0,0
CA230171,Tuza,fabric,14,73.56,1.49,0.57,14.15,1.2,0,1.74,2.18,0.2,4.03,0.88,0,0,0,0,0,0,0,0,0,0,0,0
CA230172,Tuza,fabric,10,72.69,2.43,1.14,18.11,1.82,0,0.85,1.31,0,1.22,0.43,0,0,0,0,0,0,0,0,0,0,0,0
CA230176,Piartal,fabric,5,71.68,1.13,0.37,17.6,0.93,0,0.92,2.23,0,4.04,1.11,0,0,0,0,0,0,0,0,0,0,0,0
CA230439,Piartal,fabric,6,72.26,1.97,0.76,16.2,2.05,0,1.15,1.65,0,2.96,1.01,0,0,0,0,0,0,0,0,0,0,0,0
CA230443,Capulí,fabric,8,71.81,1.05,0.74,16.12,0.96,0,0.91,2.07,0,5.5,0.84,0,0,0,0,0,0,0,0,0,0,0,0
CA230448,Capulí,fabric,5,65.94,1.61,0.96,20.57,0,0,1.15,2.48,0,6.44,0.84,0,0,0,0,0,0,0,0,0,0,0,0
CA230449,Capulí,fabric,9,68.92,1.53,0.68,18.56,0,0,1.23,2.31,0,5.9,0.87,0,0,0,0,0,0,0,0,0,0,0,0
CA230144,Piartal,fabric ,3,75.88,1.2,0,18.42,0,0,0.79,1.16,0,1.72,0.51,0,0.32,0,0,0,0,0,0,0,0,0,0
CA230128,red slip,feldspar,Spectrum 10,59.27,5.86,0,25.62,0,0,0.81,7.87,0,0.58,0,0,0,0,0,0,0,0,0,0,5.161290323,53.44086022,41.93548387
CA230128,red slip,feldspar,Spectrum 361,58.41,6,0,26.01,0,0,0.77,8.26,0,0.54,0,0,0,0,0,0,0,0,0,0,4.791666667,52.91666667,42.60416667
CA230128,red slip,feldspar,Spectrum 369,59.15,6.66,0,25.81,0,0,0.46,7.59,0,0.32,0,0,0,0,0,0,0,0,0,0,2.783505155,58.1443299,38.7628866
CA230128,red slip,feldspar,Spectrum 371,58.81,7,0,26.04,0,0,0.28,7.6,0,0.27,0,0,0,0,0,0,0,0,0,0,1.717171717,59.8989899,37.97979798
CA230128,red slip,feldspar,Spectrum 372,65.07,2.8,0,19.1,0,0,12.34,0,0,0,0,0,0.69,0,0,0,0,0,0,0,75.25773196,24.43298969,0
CA230128,red slip,feldspar,Spectrum 373,69.05,11.04,0,19.67,0,0,0.13,0.13,0,0,0,0,0,0,0,0,0,0,0,0,0.842105263,98.52631579,0.631578947
CA230128,red slip,feldspar,Spectrum 375,54.54,4.77,0,28.31,0,0,0.24,11.37,0,0.77,0,0,0,0,0,0,0,0,0,0,1.428571429,41.2244898,57.44897959
CA230128,red slip,feldspar,Spectrum 379,59.46,6.76,0,25.8,0,0,0.27,7.43,0,0.28,0,0,0,0,0,0,0,0,0,0,1.666666667,59.6875,38.33333333
CA230128,red slip,feldspar,Spectrum 380,59.22,6.7,0,25.86,0,0,0.39,7.48,0,0.34,0,0,0,0,0,0,0,0,0,0,2.395833333,59.16666667,38.54166667
CA230129,red slip,feldspar,Spectrum 394,57.08,5.78,0,27.35,0,0,0.32,9.26,0,0.22,0,0,0,0,0,0,0,0,0,0,1.958762887,50.51546392,47.21649485
CA230129,red slip,feldspar,Spectrum 395,57.7,6.24,0,26.83,0,0,0.38,8.62,0,0.23,0,0,0,0,0,0,0,0,0,0,2.244897959,53.97959184,43.57142857
CA230129,red slip,feldspar,Spectrum 396,58.55,6.47,0,26.04,0,0,0.41,8.08,0,0.44,0,0,0,0,0,0,0,0,0,0,2.474226804,56.49484536,41.2371134
CA230129,red slip,feldspar,Spectrum 397,59.68,6.79,0,25.38,0,0,0.8,7.06,0,0.28,0,0,0,0,0,0,0,0,0,0,4.845360825,59.27835052,36.08247423
CA230129,red slip,feldspar,Spectrum 399,59.79,6.83,0,25.55,0,0,0.41,7.1,0,0.31,0,0,0,0,0,0,0,0,0,0,2.526315789,60.94736842,36.94736842
CA230129,red slip,feldspar,Spectrum 401,57.64,6.29,0,26.73,0,0,0.34,8.59,0,0.41,0,0,0,0,0,0,0,0,0,0,2.040816327,54.3877551,43.36734694
CA230129,red slip,feldspar,Spectrum 402,56.33,5.98,0,27.8,0,0,0.22,9.27,0,0.4,0,0,0,0,0,0,0,0,0,0,1.326530612,51.73469388,46.83673469
CA230129,red slip,feldspar,Spectrum 404,57.02,5.8,0,27.16,0,0,0.3,9.22,0,0.52,0,0,0,0,0,0,0,0,0,0,1.855670103,50.72164948,47.01030928
CA230129,red slip,feldspar,Spectrum 405,58.82,6.91,0,26.12,0,0,0.3,7.37,0,0.47,0,0,0,0,0,0,0,0,0,0,1.855670103,60.41237113,37.62886598
CA230129,red slip,feldspar,Spectrum 409,64.36,6.61,0,20.89,0,0,5.35,2.01,0,0.5,0,0,0.29,0,0,0,0,0,0,0,32.34693878,57.14285714,10.20408163
CA230144,Piartal,feldspar,Spectrum 207,58.77,7.8,0,27.16,0,0,0.28,5.99,0,0,0,0,0,0,0,0,0,0,0,0,1.75257732,68.1443299,30.6185567
CA230144,Piartal,feldspar,Spectrum 208,59.16,8.16,0,26.73,0,0,0.32,5.63,0,0,0,0,0,0,0,0,0,0,0,0,1.919191919,69.8989899,28.18181818
CA230144,Piartal,feldspar,Spectrum 212,58.68,8.05,0,26.92,0,0,0.29,5.81,0,0.25,0,0,0,0,0,0,0,0,0,0,1.717171717,68.88888889,29.09090909
CA230144,Piartal,feldspar,Spectrum 213,60.16,6.73,0,26.37,0,0,0.34,6.4,0,0,0,0,0,0,0,0,0,0,0,0,2.197802198,62.63736264,34.83516484
CA230144,Piartal,feldspar,Spectrum 87,57.82,6.92,0,27.59,0,0,0.32,7.34,0,0,0,0,0,0,0,0,0,0,0,0,1.958762887,60.41237113,37.42268041
CA230144,Piartal,feldspar,Spectrum 88,58.33,6.71,0,27.01,0,0,0.35,7.37,0,0.25,0,0,0,0,0,0,0,0,0,0,2.210526316,59.89473684,38.42105263
CA230144,Piartal,feldspar,Spectrum 89,60.1,8.21,0,25.53,0,0,0.4,5.55,0,0.21,0,0,0,0,0,0,0,0,0,0,2.424242424,70.3030303,27.77777778
CA230144,Piartal,feldspar,Spectrum 90,59.59,7.77,0,26.1,0,0,0.24,6.12,0,0.19,0,0,0,0,0,0,0,0,0,0,1.428571429,67.14285714,30.91836735
CA230144,Piartal,feldspar,Spectrum 91,59.94,7.91,0,25.74,0,0,0.24,5.98,0,0.2,0,0,0,0,0,0,0,0,0,0,1.428571429,68.36734694,30.20408163
CA230144,Piartal,feldspar,Spectrum 92,59.69,8.05,0,25.89,0,0,0.4,5.82,0,0.16,0,0,0,0,0,0,0,0,0,0,2.424242424,68.88888889,29.09090909
CA230144,Piartal,feldspar,Spectrum 96,58.76,7.46,0,26.8,0,0,0.32,6.65,0,0,0,0,0,0,0,0,0,0,0,0,1.93877551,64.48979592,33.57142857
CA230144,Piartal,feldspar,Spectrum 97,60.03,8.06,0,25.74,0,0,0.36,5.63,0,0.18,0,0,0,0,0,0,0,0,0,0,2.142857143,69.69387755,28.46938776
CA230150,Tuza,feldspar,Spectrum 324,58.31,10.41,0,27.66,0,0,0.15,3.48,0,0,0,0,0,0,0,0,0,0,0,0,0.849056604,83.20754717,16.22641509
CA230150,Tuza,feldspar,Spectrum 325,57.66,9.47,0,28.66,0,0,0.19,4.01,0,0,0,0,0,0,0,0,0,0,0,0,1.089108911,79.5049505,19.7029703
CA230150,Tuza,feldspar,Spectrum 332,57.61,9.91,0,28.41,0,0,0.23,3.84,0,0,0,0,0,0,0,0,0,0,0,0,1.346153846,80.76923077,18.26923077
CA230163,Tuza,feldspar,Spectrum 10,57.96,5.82,0,26.75,0,0,0.41,8.57,0,0.51,0,0,0,0,0,0,0,0,0,0,2.553191489,52.44680851,45.10638298
CA230163,Tuza,feldspar,Spectrum 14,58.19,6.7,0,26.63,0,0,0.33,7.74,0,0.4,0,0,0,0,0,0,0,0,0,0,2.06185567,58.55670103,39.48453608
CA230163,Tuza,feldspar,Spectrum 21,59.71,7.49,0,25.83,0,0,0.26,6.46,0,0.26,0,0,0,0,0,0,0,0,0,0,1.546391753,65.46391753,32.98969072
CA230163,Tuza,feldspar,Spectrum 23,64.93,5.52,0,19.77,0,0,6.65,1.47,0,1.31,0.35,0,0,0,0,0,0,0,0,0,42.25806452,50.32258065,7.849462366
CA230163,Tuza,feldspar,Spectrum 24,65.12,2.23,0,19.18,0,0,13.09,0,0,0,0,0,0.39,0,0,0,0,0,0,0,80.72916667,19.6875,0
CA230163,Tuza,feldspar,Spectrum 25,63.9,7.98,0,22.8,0,0,0.81,3.61,0,0.67,0.21,0,0,0,0,0,0,0,0,0,5.333333333,75.11111111,19.88888889
CA230163,Tuza,feldspar,Spectrum 28,66.62,9.41,0,21.18,0,0,0.46,1.56,0,0.77,0,0,0,0,0,0,0,0,0,0,3,88.55555556,8.555555556
CA230163,Tuza,feldspar,Spectrum 37,57.2,5.01,0,26.58,0,0,0.36,9.48,0,1.36,0,0,0,0,0,0,0,0,0,0,2.282608696,46.19565217,50.97826087
CA230163,Tuza,feldspar,Spectrum 49,57.84,6.24,0,26.66,0,0,0.34,8.42,0,0.51,0,0,0,0,0,0,0,0,0,0,2.06185567,54.53608247,42.98969072
CA230163,Tuza,feldspar,Spectrum 51,57.65,6.08,0,26.77,0,0,0.38,8.67,0,0.45,0,0,0,0,0,0,0,0,0,0,2.268041237,53.09278351,44.22680412
CA230163,Tuza,feldspar,Spectrum 53,56.65,5.48,0,27.12,0,0,0.33,9.8,0,0.62,0,0,0,0,0,0,0,0,0,0,2.06185567,47.83505155,50
CA230163,Tuza,feldspar,Spectrum 54,59.96,7.12,0,25.16,0,0,0.51,6.87,0,0.37,0,0,0,0,0,0,0,0,0,0,3.092783505,62.16494845,35.05154639
CA230163,Tuza,feldspar,Spectrum 61,55.37,5.02,0,27.68,0,0,0.45,10.82,0,0.66,0,0,0,0,0,0,0,0,0,0,2.727272727,42.92929293,54.14141414
CA230163,Tuza,feldspar,Spectrum 71,59.78,6.63,0,25.46,0,0,0.54,7.25,0,0.33,0,0,0,0,0,0,0,0,0,0,3.368421053,59.15789474,37.78947368
CA230163,Tuza,feldspar,Spectrum 72,55.57,5.21,0,28.04,0,0,0.31,10.44,0,0.43,0,0,0,0,0,0,0,0,0,0,1.836734694,45.10204082,52.75510204
CA230163,Tuza,feldspar,Spectrum 81,57.46,6.04,0,26.69,0,0,0.99,7.99,0,0.49,0,0,0.34,0,0,0,0,0,0,0,6.082474227,52.78350515,40.82474227
CA230163,Tuza,feldspar,Spectrum 82,56.01,5.37,0,28.02,0,0,0.69,9.34,0,0.57,0,0,0,0,0,0,0,0,0,0,4.270833333,47.39583333,48.125
CA230163,Tuza,feldspar,Spectrum 87,66.68,4.53,0,19.42,0,0,8.63,0,0,0.75,0,0,0,0,0,0,0,0,0,0,57.41573034,43.14606742,0
CA230163,Tuza,feldspar,Spectrum 9,62.55,8.25,0,23.52,0,0,0.84,4.39,0,0.46,0,0,0,0,0,0,0,0,0,0,5.154639175,72.06185567,22.37113402
CA230171,Tuza,feldspar,Spectrum 104,54.73,5,0,28.47,0,0,0.28,11.05,0,0.46,0,0,0,0,0,0,0,0,0,0,1.717171717,42.82828283,55.25252525
CA230171,Tuza,feldspar,Spectrum 105,54.83,4.93,0,28.54,0,0,0.33,10.93,0,0.43,0,0,0,0,0,0,0,0,0,0,2.040816327,42.65306122,55.20408163
CA230171,Tuza,feldspar,Spectrum 106,55.6,5.26,0,27.84,0,0,0.38,10.37,0,0.56,0,0,0,0,0,0,0,0,0,0,2.244897959,45.51020408,52.34693878
CA230171,Tuza,feldspar,Spectrum 107,57.66,6.4,0,26.79,0,0,0.41,8.33,0,0.41,0,0,0,0,0,0,0,0,0,0,2.448979592,55.30612245,42.04081633
CA230171,Tuza,feldspar,Spectrum 108,63.6,8.73,0,23.1,0,0,0.21,4.18,0,0.19,0,0,0,0,0,0,0,0,0,0,1.25,77.08333333,21.5625
CA230171,Tuza,feldspar,Spectrum 112,54.32,4.67,0,28.3,0,0,0.34,11.72,0,0.65,0,0,0,0,0,0,0,0,0,0,2,39.6,58
CA230171,Tuza,feldspar,Spectrum 115,59.2,6.82,0,25.8,0,0,0.4,7.34,0,0.43,0,0,0,0,0,0,0,0,0,0,2.474226804,59.58762887,37.42268041
CA230171,Tuza,feldspar,Spectrum 116,52.18,3.13,0,27.47,0,0,0.6,15.47,0,1.15,0,0,0,0,0,0,0,0,0,0,3.364485981,24.76635514,71.58878505
CA230171,Tuza,feldspar,Spectrum 142,57.44,5.67,0,26.86,0,0,0.2,9.57,0,0.27,0,0,0,0,0,0,0,0,0,0,1.237113402,49.58762887,48.86597938
CA230171,Tuza,feldspar,Spectrum 144,66.32,5.69,0,19.12,0,0,8.15,0,0,0.72,0,0,0,0,0,0,0,0,0,0,50.20833333,50.20833333,0
CA230171,Tuza,feldspar,Spectrum 153,54.79,4.81,0,27.77,0,0,0.28,11.4,0,0.95,0,0,0,0,0,0,0,0,0,0,1.717171717,41.21212121,56.96969697
CA230171,Tuza,feldspar,Spectrum 154,55.7,5.29,0,27.94,0,0,0.36,10.33,0,0.37,0,0,0,0,0,0,0,0,0,0,2.142857143,45.71428571,52.14285714
CA230171,Tuza,feldspar,Spectrum 164,57.56,6.13,0,26.86,0,0,0.44,8.8,0,0.22,0,0,0,0,0,0,0,0,0,0,2.653061224,52.95918367,44.48979592
CA230171,Tuza,feldspar,Spectrum 165,60.01,6.44,0,25.13,0,0,1.61,6.41,0,0.4,0,0,0,0,0,0,0,0,0,0,9.895833333,56.875,33.02083333
CA230171,Tuza,feldspar,Spectrum 166,60.12,6.89,0,25.13,0,0,0.5,7.18,0,0.18,0,0,0,0,0,0,0,0,0,0,3.092783505,60.20618557,36.59793814
CA230171,Tuza,feldspar,Spectrum 167,61.08,7.21,0,24.59,0,0,0.63,6.3,0,0.19,0,0,0,0,0,0,0,0,0,0,3.854166667,63.64583333,32.5
CA230171,Tuza,feldspar,Spectrum 173,58.19,6.03,0,26.15,0,0,0.44,8.7,0,0.49,0,0,0,0,0,0,0,0,0,0,2.680412371,52.68041237,44.43298969
CA230171,Tuza,feldspar,Spectrum 175,59.43,6.72,0,25.66,0,0,0.54,7.33,0,0.32,0,0,0,0,0,0,0,0,0,0,3.333333333,59.27083333,37.8125
CA230171,Tuza,feldspar,Spectrum 178,57.52,6.29,0,26.9,0,0,0.22,8.79,0,0.29,0,0,0,0,0,0,0,0,0,0,1.326530612,54.3877551,44.3877551
CA230171,Tuza,feldspar,Spectrum 185,61.01,5.23,0,22.23,0,0,2.87,6.02,0,1.88,0.76,0,0,0,0,0,0,0,0,0,18.68131868,48.68131868,32.74725275
CA230172,Tuza,feldspar,Spectrum 210,61.1,10.51,0,24.79,0,0,0.46,2.98,0,0.15,0,0,0,0,0,0,0,0,0,0,2.523364486,83.27102804,13.8317757
CA230172,Tuza,feldspar,Spectrum 211,56.17,7.07,0,30.08,0,0,0.17,6.34,0,0.17,0,0,0,0,0,0,0,0,0,0,1.086956522,65.10869565,34.13043478
CA230172,Tuza,feldspar,Spectrum 212,57.85,7.37,0,28.72,0,0,0.24,5.61,0,0.22,0,0,0,0,0,0,0,0,0,0,1.52173913,67.93478261,30.2173913
CA230172,Tuza,feldspar,Spectrum 227,60.48,10.97,0,25.41,0,0,0,2.98,0,0.16,0,0,0,0,0,0,0,0,0,0,0,86.11111111,13.7037037
CA230172,Tuza,feldspar,Spectrum 229,58.91,10.01,0,26.9,0,0,0.25,3.93,0,0,0,0,0,0,0,0,0,0,0,0,1.41509434,80,18.39622642
CA230172,Tuza,feldspar,Spectrum 230,57.76,8.17,0,28.73,0,0,0.56,4.63,0,0.15,0,0,0,0,0,0,0,0,0,0,3.473684211,72.84210526,24.10526316
CA230172,Tuza,feldspar,Spectrum 238,59.17,9.35,0,26.9,0,0,0.4,4.18,0,0,0,0,0,0,0,0,0,0,0,0,2.352941176,77.64705882,20.29411765
CA230172,Tuza,feldspar,Spectrum 239,58.3,8.78,0,27.87,0,0,0.33,4.72,0,0,0,0,0,0,0,0,0,0,0,0,2,74.4,23.4
CA230172,Tuza,feldspar,Spectrum 242,59.48,9.52,0,26.63,0,0,0.27,4.1,0,0,0,0,0,0,0,0,0,0,0,0,1.553398058,78.34951456,19.70873786
CA230172,Tuza,feldspar,Spectrum 263,58.3,9.07,0,27.88,0,0,0.24,4.5,0,0,0,0,0,0,0,0,0,0,0,0,1.386138614,76.13861386,22.07920792
CA230172,Tuza,feldspar,Spectrum 268,57.81,8.73,0,28.32,0,0,0.13,5,0,0,0,0,0,0,0,0,0,0,0,0,0.8,74,24.8
CA230172,Tuza,feldspar,Spectrum 272,56.9,7.93,0,29.42,0,0,0.25,5.49,0,0,0,0,0,0,0,0,0,0,0,0,1.5625,70,28.33333333
CA230172,Tuza,feldspar,Spectrum 273,61.79,11.29,0,23.99,0,0,0.5,2.43,0,0,0,0,0,0,0,0,0,0,0,0,2.702702703,86.21621622,10.81081081
CA230172,Tuza,feldspar,Spectrum 280,58.77,8.79,0,27.65,0,0,0.29,4.51,0,0,0,0,0,0,0,0,0,0,0,0,1.717171717,75.25252525,22.52525253
CA230172,Tuza,feldspar,Spectrum 283,60.14,9.95,0,26.1,0,0,0.33,3.49,0,0,0,0,0,0,0,0,0,0,0,0,1.923076923,81.05769231,16.63461538
CA230172,Tuza,feldspar,Spectrum 284,59.93,10.69,0,25.76,0,0,0.31,3.31,0,0,0,0,0,0,0,0,0,0,0,0,1.651376147,83.11926606,15.04587156
CA230172,Tuza,feldspar,Spectrum 286,58.41,9.43,0,27.65,0,0,0.17,4.34,0,0,0,0,0,0,0,0,0,0,0,0,0.980392157,78.33333333,21.07843137
CA230172,Tuza,feldspar,Spectrum 296,68.68,9.87,0,19.07,0,0,1.11,1.27,0,0,0,0,0,0,0,0,0,0,0,0,6.875,87.08333333,6.5625
CA230172,Tuza,feldspar,Spectrum 298,59.01,10.04,0,26.96,0,0,0.29,3.7,0,0,0,0,0,0,0,0,0,0,0,0,1.619047619,81.04761905,17.42857143
CA230172,Tuza,feldspar,Spectrum 307,65.93,9.03,0,20.59,0,0,4.46,0,0,0,0,0,0,0,0,0,0,0,0,0,25.63106796,74.27184466,0
CA230172,Tuza,feldspar,Spectrum 309,65.22,9.34,0,20.79,0,0,4.07,0.42,0,0.15,0,0,0,0,0,0,0,0,0,0,22.95238095,75.42857143,2
CA230172,Tuza,feldspar,Spectrum 315,65.24,7.72,0,21.6,0,0,4.37,0.85,0,0.22,0,0,0,0,0,0,0,0,0,0,27.26315789,68.84210526,4.421052632
CA230176,Piartal,feldspar,Spectrum 122,58.62,6.48,0,26.08,0,0,0.4,8.06,0,0.36,0,0,0,0,0,0,0,0,0,0,2.474226804,56.59793814,41.13402062
CA230176,Piartal,feldspar,Spectrum 124,55.31,5.16,0,27.91,0,0,0.55,10.5,0,0.58,0,0,0,0,0,0,0,0,0,0,3.333333333,44.14141414,52.52525253
CA230176,Piartal,feldspar,Spectrum 125,57.53,5.89,0,26.57,0,0,0.57,8.72,0,0.73,0,0,0,0,0,0,0,0,0,0,3.541666667,51.97916667,45
CA230176,Piartal,feldspar,Spectrum 136,59.71,6.84,0,25.54,0,0,0.49,7.1,0,0.31,0,0,0,0,0,0,0,0,0,0,3.020833333,60.41666667,36.5625
CA230176,Piartal,feldspar,Spectrum 141,57.1,5.55,0,27.37,0,0,0.23,9.52,0,0.23,0,0,0,0,0,0,0,0,0,0,1.458333333,48.95833333,49.0625
CA230176,Piartal,feldspar,Spectrum 142,59.14,5.66,0,25.59,0,0,0.32,8.89,0,0.4,0,0,0,0,0,0,0,0,0,0,2.021276596,51.06382979,46.80851064
CA230176,Piartal,feldspar,Spectrum 143,57.95,6.31,0,26.65,0,0,0.24,8.59,0,0.26,0,0,0,0,0,0,0,0,0,0,1.443298969,55.15463918,43.81443299
CA230176,Piartal,feldspar,Spectrum 144,57.82,6.23,0,26.65,0,0,0.3,8.7,0,0.3,0,0,0,0,0,0,0,0,0,0,1.836734694,53.87755102,43.97959184
CA230176,Piartal,feldspar,Spectrum 145,58.33,6.18,0,26.32,0,0,0.21,8.72,0,0.23,0,0,0,0,0,0,0,0,0,0,1.237113402,54.02061856,44.53608247
CA230176,Piartal,feldspar,Spectrum 148,59.1,6.7,0,25.84,0,0,0.46,7.72,0,0.17,0,0,0,0,0,0,0,0,0,0,2.755102041,57.95918367,38.97959184
CA230176,Piartal,feldspar,Spectrum 149,58.26,6.06,0,26.38,0,0,0.29,8.74,0,0.26,0,0,0,0,0,0,0,0,0,0,1.770833333,53.54166667,45.10416667
CA230439,Piartal,feldspar,Spectrum 168,60.06,8.83,0,25.95,0,0,0.35,4.81,0,0,0,0,0,0,0,0,0,0,0,0,2.079207921,74.05940594,23.56435644
CA230439,Piartal,feldspar,Spectrum 169,58.07,7.81,0,27.71,0,0,0.2,6.21,0,0,0,0,0,0,0,0,0,0,0,0,1.224489796,67.55102041,31.32653061
CA230439,Piartal,feldspar,Spectrum 170,56.38,6.69,0,29.31,0,0,0.18,7.44,0,0,0,0,0,0,0,0,0,0,0,0,1.157894737,59.68421053,38.73684211
CA230439,Piartal,feldspar,Spectrum 171,58.81,8.2,0,27.01,0,0,0.19,5.78,0,0,0,0,0,0,0,0,0,0,0,0,1.111111111,70.2020202,28.88888889
CA230439,Piartal,feldspar,Spectrum 172,59.01,8.29,0,26.85,0,0,0.32,5.53,0,0,0,0,0,0,0,0,0,0,0,0,1.9,70.3,27.4
CA230439,Piartal,feldspar,Spectrum 173,59.17,7.93,0,26.58,0,0,0.29,5.83,0,0.21,0,0,0,0,0,0,0,0,0,0,1.734693878,68.57142857,29.48979592
CA230439,Piartal,feldspar,Spectrum 183,59.06,8.72,0,26.48,0,0,0.34,5.16,0,0.24,0,0,0,0,0,0,0,0,0,0,1.98019802,73.16831683,25.24752475
CA230439,Piartal,feldspar,Spectrum 184,59.61,9.24,0,25.97,0,0,0.33,4.66,0,0.19,0,0,0,0,0,0,0,0,0,0,1.941747573,76.01941748,22.42718447
CA230439,Piartal,feldspar,Spectrum 186,60.02,9.07,0,25.74,0,0,0.35,4.67,0,0.15,0,0,0,0,0,0,0,0,0,0,2.058823529,75.39215686,22.64705882
CA230439,Piartal,feldspar,Spectrum 69,58.36,7.17,0,27.13,0,0,0.29,7.04,0,0,0,0,0,0,0,0,0,0,0,0,1.75257732,62.68041237,35.97938144
CA230439,Piartal,feldspar,Spectrum 70,58.52,7.45,0,26.76,0,0,0.35,6.74,0,0.18,0,0,0,0,0,0,0,0,0,0,2.121212121,63.73737374,33.73737374
CA230439,Piartal,feldspar,Spectrum 71,59.08,7.68,0,26.52,0,0,0.33,6.38,0,0,0,0,0,0,0,0,0,0,0,0,2.02020202,65.75757576,31.91919192
CA230439,Piartal,feldspar,Spectrum 72,58.18,7.11,0,27.37,0,0,0.32,7.02,0,0,0,0,0,0,0,0,0,0,0,0,1.958762887,62.16494845,35.87628866
CA230443,Capulí,feldspar,Spectrum 10,59.27,6.78,0,25.72,0,0,0.55,7.33,0,0.35,0,0,0,0,0,0,0,0,0,0,3.402061856,59.27835052,37.42268041
CA230443,Capulí,feldspar,Spectrum 11,58.72,6.62,0,26.12,0,0,0.53,7.79,0,0.22,0,0,0,0,0,0,0,0,0,0,3.163265306,57.24489796,39.3877551
CA230443,Capulí,feldspar,Spectrum 16,59.24,6.87,0,25.68,0,0,0.44,7.39,0,0.37,0,0,0,0,0,0,0,0,0,0,2.680412371,60,37.73195876
CA230443,Capulí,feldspar,Spectrum 17,58.71,6.49,0,26.11,0,0,0.36,8.05,0,0.27,0,0,0,0,0,0,0,0,0,0,2.164948454,56.70103093,41.13402062
CA230443,Capulí,feldspar,Spectrum 19,57.41,5.73,0,26.59,0,0,0.51,9.16,0,0.59,0,0,0,0,0,0,0,0,0,0,3.092783505,50.10309278,46.70103093
CA230443,Capulí,feldspar,Spectrum 20,55.42,5.24,0,27.98,0,0,0.35,10.37,0,0.65,0,0,0,0,0,0,0,0,0,0,2.142857143,45.30612245,52.34693878
CA230443,Capulí,feldspar,Spectrum 45,58.8,6.29,0,26.12,0,0,0.43,7.99,0,0.38,0,0,0,0,0,0,0,0,0,0,2.631578947,56.10526316,41.68421053
CA230443,Capulí,feldspar,Spectrum 46,60.22,6.93,0,25.05,0,0,0.46,6.93,0,0.4,0,0,0,0,0,0,0,0,0,0,2.8125,61.14583333,35.72916667
CA230443,Capulí,feldspar,Spectrum 47,60.07,7.49,0,25.2,0,0,0.46,6.41,0,0.38,0,0,0,0,0,0,0,0,0,0,2.755102041,64.79591837,32.34693878
CA230443,Capulí,feldspar,Spectrum 48,59.44,6.81,0,25.21,0,0,0.52,7.01,0.41,0.6,0,0,0,0,0,0,0,0,0,0,3.263157895,60.73684211,36.52631579
CA230443,Capulí,feldspar,Spectrum 9,57.82,6.34,0,26.72,0,0,0.33,8.55,0,0.25,0,0,0,0,0,0,0,0,0,0,2.040816327,54.79591837,43.16326531
CA230448,Capulí,feldspar,Spectrum 105,61.14,7.44,0,24.31,0,0,0.7,5.83,0,0.31,0,0,0,0,0,0,0,0.27,0,0,4.270833333,65.72916667,30.10416667
CA230448,Capulí,feldspar,Spectrum 106,61.36,7.4,0,24.43,0,0,0.58,5.97,0,0.27,0,0,0,0,0,0,0,0,0,0,3.541666667,65.3125,30.83333333
CA230448,Capulí,feldspar,Spectrum 107,59.1,6.67,0,25.7,0,0,0.5,7.72,0,0.31,0,0,0,0,0,0,0,0,0,0,3.06122449,57.65306122,38.97959184
CA230448,Capulí,feldspar,Spectrum 110,58.84,6.72,0,25.94,0,0,0.48,7.66,0,0.36,0,0,0,0,0,0,0,0,0,0,2.857142857,58.06122449,38.67346939
CA230448,Capulí,feldspar,Spectrum 115,55.38,5.48,0,28.13,0,0,0.21,10.5,0,0.3,0,0,0,0,0,0,0,0,0,0,1.2,46.4,52
CA230448,Capulí,feldspar,Spectrum 76,55.37,5.39,0,28.3,0,0,0.21,10.47,0,0.26,0,0,0,0,0,0,0,0,0,0,1.212121212,46.16161616,52.32323232
CA230448,Capulí,feldspar,Spectrum 80,60.31,7.06,0,25.16,0,0,0.54,6.62,0,0.31,0,0,0,0,0,0,0,0,0,0,3.333333333,62.29166667,34.16666667
CA230448,Capulí,feldspar,Spectrum 82,59.38,6.78,0,25.62,0,0,0.46,7.41,0,0.36,0,0,0,0,0,0,0,0,0,0,2.783505155,59.27835052,37.83505155
CA230449,Capulí,feldspar,inclusion 1,60.05,6.87,0,25.16,0,0,0.47,7.21,0,0.24,0,0,0,0,0,0,0,0,0,0,2.886597938,60,36.80412371
CA230449,Capulí,feldspar,inclusion 3,57.38,5.88,0,26.93,0,0,0.27,9.08,0,0.46,0,0,0,0,0,0,0,0,0,0,1.666666667,51.875,46.875
CA230449,Capulí,feldspar,inclusion 4,56.06,5.66,0,27.58,0,0,0.28,10.06,0,0.35,0,0,0,0,0,0,0,0,0,0,1.717171717,48.48484848,50.3030303
CA230449,Capulí,feldspar,Spectrum 34,58.81,6.47,0,25.9,0,0,0.41,8.13,0,0.28,0,0,0,0,0,0,0,0,0,0,2.448979592,55.91836735,41.02040816
CA230449,Capulí,feldspar,Spectrum 39,60.15,7.04,0,25.15,0,0,0.44,7,0,0.22,0,0,0,0,0,0,0,0,0,0,2.680412371,61.54639175,35.77319588
CA230449,Capulí,feldspar,Spectrum 40,59.03,6.49,0,25.94,0,0,0.43,7.82,0,0.29,0,0,0,0,0,0,0,0,0,0,2.604166667,57.29166667,40.3125
CA230449,Capulí,feldspar,Spectrum 42,57.49,6.07,0,26.81,0,0,0.23,9.03,0,0.37,0,0,0,0,0,0,0,0,0,0,1.428571429,52.44897959,45.6122449
CA230449,Capulí,feldspar,Spectrum 43,54.51,4.82,0,28.46,0,0,0.31,11.32,0,0.59,0,0,0,0,0,0,0,0,0,0,1.818181818,41.21212121,56.56565657
CA230449,Capulí,feldspar,Spectrum 44,59.33,6.78,0,25.67,0,0,0.24,7.77,0,0.21,0,0,0,0,0,0,0,0,0,0,1.443298969,59.27835052,39.69072165
CA230449,Capulí,feldspar,Spectrum 45,64.53,0.99,0,18.45,0,0,15.82,0,0,0.22,0,0,0,0,0,0,0,0,0,0,91.76470588,8.235294118,0
CA230128,red slip,Fe-Ti inclusion,Spectrum 363,0.27,0,1.36,0.6,0,0,0,0.13,0.22,66.66,30.3,0,0,0,0.46,0,0,0,0,0,0,0,0
CA230128,red slip,Fe-Ti inclusion,Spectrum 364,0.31,0,1.12,0.57,0,0,0,0,0.24,66.24,30.98,0,0,0,0.54,0,0,0,0,0,0,0,0
CA230129,red slip,Fe-Ti inclusion,Spectrum 388,0.27,0,1.26,0.36,0,0,0,0,0.45,58.55,38.6,0,0,0,0.52,0,0,0,0,0,0,0,0
CA230129,red slip,Fe-Ti inclusion,Spectrum 389,0,0,0,0,0,0,0,0.13,0.44,58.77,39.09,0,0.95,0,0.61,0,0,0,0,0,0,0,0
CA230144,Piartal,Fe-Ti inclusion,Spectrum 77,1.34,0,2.65,0.57,0,0,0,0,0.61,55.58,39.25,0,0,0,0,0,0,0,0,0,0,0,0
CA230144,Piartal,Fe-Ti inclusion,Spectrum 78,0,0,2.56,0,0,0,0,0,0.69,56.2,38.7,0,1.09,0,0.76,0,0,0,0,0,0,0,0
CA230144,Piartal,Fe-Ti inclusion,Spectrum 79,0.35,0,2.75,0,0,0,0,0,1.07,54.93,40.9,0,0,0,0,0,0,0,0,0,0,0,0
CA230144,Piartal,Fe-Ti inclusion,Spectrum 80,0.36,0,2.48,0.35,0,0,0,0,0.59,54.62,40.03,0,0.83,0,0.75,0,0,0,0,0,0,0,0
CA230150,Tuza,Fe-Ti inclusion,Spectrum 319,0,0,0,0,0,0,0,0,0,43.36,55.26,0,0,0,1.38,0,0,0,0,0,0,0,0
CA230171,Tuza,Fe-Ti inclusion,Spectrum 134,0,0,1.87,0,0,0,0,0.22,0.62,58.37,37.34,0,1.01,0,0.58,0,0,0,0,0,0,0,0
CA230171,Tuza,Fe-Ti inclusion,Spectrum 135,0.22,0,1.6,0.22,0,0,0,0.11,0.38,58.97,38,0,0,0,0.51,0,0,0,0,0,0,0,0
CA230171,Tuza,Fe-Ti inclusion,Spectrum 160,0,0,1.95,0,0,0,0,0,0.52,51.74,43.96,0.93,0.91,0,0,0,0,0,0,0,0,0,0
CA230171,Tuza,Fe-Ti inclusion,Spectrum 161,0,0,1.82,0.28,0,0,0,0,0.6,52.52,44.78,0,0,0,0,0,0,0,0,0,0,0,0
CA230172,Tuza,Fe-Ti inclusion,Spectrum 278,3.22,0,0,4.68,0,0,0,0,0.85,78.8,11.79,0,0,0,0.67,0,0,0,0,0,0,0,0
CA230172,Tuza,Fe-Ti inclusion,Spectrum 290,0,0,0,0,0,0,0,0,2.85,43.9,53.25,0,0,0,0,0,0,0,0,0,0,0,0
CA230172,Tuza,Fe-Ti inclusion,Spectrum 291,0,0,0,0,0,0,0,0,3.74,43,53.26,0,0,0,0,0,0,0,0,0,0,0,0
CA230172,Tuza,Fe-Ti inclusion,Spectrum 292,0,0,0,0,0,0,0,0,4.45,42.09,53.46,0,0,0,0,0,0,0,0,0,0,0,0
CA230176,Piartal,Fe-Ti inclusion,Spectrum 135,0,0,0,0,0,0,0,0,0,69.04,29.26,0.85,0.85,0,0,0,0,0,0,0,0,0,0
CA230176,Piartal,Fe-Ti inclusion,Spectrum 138,3.13,0,2.42,0.78,0,0,0,0.12,0.41,41.46,49.14,1.52,1.01,0,0,0,0,0,0,0,0,0,0
CA230439,Piartal,Fe-Ti inclusion,Spectrum 175,2.3,0,0.57,1.42,0,0,0,0.14,0.51,55.4,37.86,0,0.88,0,0.91,0,0,0,0,0,0,0,0
CA230439,Piartal,Fe-Ti inclusion,Spectrum 75,12.57,0,2.13,7.94,0.74,0,0,0.23,0.53,45.71,30.15,0,0,0,0,0,0,0,0,0,0,0,0
CA230443,Capulí,Fe-Ti inclusion,3,0,0,0,1.9,0,0,0,0,0.63,91.55,5.41,0,0,0,0.51,0,0,0,0,0,0,0,0
CA230443,Capulí,Fe-Ti inclusion,3,0.19,0,1.31,0.19,0,0,0,0,0.7,59.1,38.13,0,0,0,0.37,0,0,0,0,0,0,0,0
CA230448,Capulí,Fe-Ti inclusion,Spectrum 73,0.25,0,1.36,0.33,0,0,0,0,0.33,61.01,36.12,0,0,0,0.59,0,0,0,0,0,0,0,0
CA230448,Capulí,Fe-Ti inclusion,Spectrum 78,1.85,0,0,2.98,0,0,0,0.14,0.56,84.41,9.15,0,0,0,0.9,0,0,0,0,0,0,0,0
CA230448,Capulí,Fe-Ti inclusion,Spectrum 79,10.89,0,0.72,2.52,0,0,0,0.18,0.23,58.66,26.23,0,0,0,0.57,0,0,0,0,0,0,0,0
CA230449,Capulí,Fe-Ti inclusion,high Z 1,1.12,0,3.07,1.08,0,0,0,0,1.36,85.47,7.91,0,0,0,0,0,0,0,0,0,0,0,0
CA230449,Capulí,Fe-Ti inclusion,high Z 1,4.86,0,3.66,3.32,0,0,0,0.13,0.68,79.23,8.13,0,0,0,0,0,0,0,0,0,0,0,0
CA230449,Capulí,Fe-Ti inclusion,high Z 2,17.98,0,2.22,10.83,0,0,0.17,0.5,1.09,40.72,26.47,0,0,0,0,0,0,0,0,0,0,0,0
CA230449,Capulí,Fe-Ti inclusion,high Z 2,31.35,0.54,1.27,6.92,0.27,0,0.16,0.5,0.46,31.59,26.47,0,0,0,0.48,0,0,0,0,0,0,0,0
CA230449,Capulí,Fe-Ti inclusion,high Z 3,16.49,1.95,3.79,7.08,0,0,0.12,0.72,0.64,36.16,32.55,0,0,0,0.5,0,0,0,0,0,0,0,0
CA230449,Capulí,Fe-Ti inclusion,high z 4,51.14,1.61,14.22,8.9,0,0,0.36,10,0.42,12.06,1.29,0,0,0,0,0,0,0,0,0,0,0,0
CA230449,Capulí,Fe-Ti inclusion,Spectrum 28,0.29,0,2.4,2.65,0,0,0,0,0.45,78.92,13.52,1.4,0,0,0,0,0,0,0.38,0,0,0,0
CA230449,Capulí,Fe-Ti inclusion,Spectrum 32,0.32,0,1.11,0,0,0,0,0,0,56.66,41.18,0.73,0,0,0,0,0,0,0,0,0,0,0
CA230128,red slip,glassy inclusion,Spectrum 362,78.53,2.45,0,12.7,0,0,3.95,1.21,0,0.98,0.18,0,0,0,0,0,0,0,0,0,0,0,0
CA230128,red slip,glassy inclusion,Spectrum 377,79.59,1.87,0,12.59,0,0,5.7,0,0,0.25,0,0,0,0,0,0,0,0,0,0,0,0,0
CA230128,red slip,glassy inclusion,Spectrum 381,77.96,2.86,0,12.89,0,0,4.15,1.04,0,0.78,0,0,0.32,0,0,0,0,0,0,0,0,0,0
CA230129,red slip,glassy inclusion,Spectrum 410,77.79,3.53,0,11.9,0,0,4.58,0,0,1.47,0.73,0,0,0,0,0,0,0,0,0,0,0,0
CA230129,red slip,glassy inclusion,Spectrum 411,78.78,3.37,0,11.42,0,0,4.54,0.39,0,0.8,0.7,0,0,0,0,0,0,0,0,0,0,0,0
CA230150,Tuza,glassy inclusion,Spectrum 321,79.13,1,0,15.16,0,0,3.91,0.8,0,0,0,0,0,0,0,0,0,0,0,0,0,0,0
CA230150,Tuza,glassy inclusion,Spectrum 322,79.4,0.74,0,15.13,0,0,3.91,0.82,0,0,0,0,0,0,0,0,0,0,0,0,0,0,0
CA230150,Tuza,glassy inclusion,Spectrum 326,79.19,1.12,0,14.83,0,0,4.13,0.72,0,0,0,0,0,0,0,0,0,0,0,0,0,0,0
CA230150,Tuza,glassy inclusion,Spectrum 327,79.39,1.06,0,15.26,0,0,3.77,0.52,0,0,0,0,0,0,0,0,0,0,0,0,0,0,0
CA230150,Tuza,glassy inclusion,Spectrum 328,79.49,1.24,0,14.51,0,0,4.18,0.58,0,0,0,0,0,0,0,0,0,0,0,0,0,0,0
CA230163,Tuza,glassy inclusion,Spectrum 16,80.01,1.67,0,12.22,0,0,4.12,0.67,0,0.98,0.34,0,0,0,0,0,0,0,0,0,0,0,0
CA230163,Tuza,glassy inclusion,Spectrum 17,80.06,2.07,0,12.17,0,0,4.07,0.41,0,0.95,0.27,0,0,0,0,0,0,0,0,0,0,0,0
CA230163,Tuza,glassy inclusion,Spectrum 56,73.08,3.27,0.44,15.19,0,0,3.76,1.8,0,2.02,0.45,0,0,0,0,0,0,0,0,0,0,0,0
CA230163,Tuza,glassy inclusion,Spectrum 57,72.86,3.51,0.51,15.19,0,0,3.74,1.78,0,1.97,0.45,0,0,0,0,0,0,0,0,0,0,0,0
CA230163,Tuza,glassy inclusion,Spectrum 58,73.4,3.23,0.46,14.9,0,0,3.78,1.84,0,1.96,0.42,0,0,0,0,0,0,0,0,0,0,0,0
CA230163,Tuza,glassy inclusion,Spectrum 59,77.2,2.84,0,13.09,0,0,4.59,1.09,0,0.96,0.24,0,0,0,0,0,0,0,0,0,0,0,0
CA230163,Tuza,glassy inclusion,Spectrum 60,73.55,3.69,0.52,15.28,0,0,3.58,1.41,0,1.55,0.42,0,0,0,0,0,0,0,0,0,0,0,0
CA230163,Tuza,glassy inclusion,Spectrum 68,73.4,3.81,0.48,15.15,0,0,3.62,1.52,0,1.62,0.41,0,0,0,0,0,0,0,0,0,0,0,0
CA230163,Tuza,glassy inclusion,Spectrum 69,74.07,3.54,0.43,15.24,0,0,3.47,1.17,0,1.73,0.37,0,0,0,0,0,0,0,0,0,0,0,0
CA230163,Tuza,glassy inclusion,Spectrum 70,72.88,3.38,0.43,15.28,0,0,3.6,1.87,0,2.03,0.52,0,0,0,0,0,0,0,0,0,0,0,0
CA230171,Tuza,glassy inclusion,Spectrum 109,74.36,2.76,0,14.83,0,0,5.44,1.4,0,1.21,0,0,0,0,0,0,0,0,0,0,0,0,0
CA230171,Tuza,glassy inclusion,Spectrum 110,74.29,2.1,0,14.96,0,0,5.54,1.51,0,1.31,0.29,0,0,0,0,0,0,0,0,0,0,0,0
CA230171,Tuza,glassy inclusion,Spectrum 138,76.02,3.33,0,14.53,0,0,2.99,2.16,0,0.71,0,0,0.26,0,0,0,0,0,0,0,0,0,0
CA230171,Tuza,glassy inclusion,Spectrum 139,77.41,2.52,0,13.49,0,0,3.81,1.63,0.16,0.97,0,0,0,0,0,0,0,0,0,0,0,0,0
CA230171,Tuza,glassy inclusion,Spectrum 148,72.63,2.44,0.39,15.72,0,0,4.19,1.87,0,2.32,0.45,0,0,0,0,0,0,0,0,0,0,0,0
CA230171,Tuza,glassy inclusion,Spectrum 162,76.36,3.02,0,13.7,0,0,4.19,1.38,0,1.13,0.21,0,0,0,0,0,0,0,0,0,0,0,0
CA230171,Tuza,glassy inclusion,Spectrum 163,76.31,3.15,0,13.82,0,0,4.21,1.38,0,1.13,0,0,0,0,0,0,0,0,0,0,0,0,0
CA230172,Tuza,glassy inclusion,Spectrum 215,78.23,4.4,0,13.85,0,0,2.73,0.38,0,0.25,0.16,0,0,0,0,0,0,0,0,0,0,0,0
CA230172,Tuza,glassy inclusion,Spectrum 216,78.48,4.29,0,13.81,0,0,2.74,0.42,0,0.26,0,0,0,0,0,0,0,0,0,0,0,0,0
CA230172,Tuza,glassy inclusion,Spectrum 217,78.82,4.02,0,13.76,0,0,2.6,0.42,0,0.23,0.15,0,0,0,0,0,0,0,0,0,0,0,0
CA230172,Tuza,glassy inclusion,Spectrum 218,75,4.77,0.47,15.63,0,0,2.63,0.88,0,0.47,0.17,0,0,0,0,0,0,0,0,0,0,0,0
CA230172,Tuza,glassy inclusion,Spectrum 219,75.58,4.84,0,15.71,0,0,2.51,0.78,0,0.4,0.18,0,0,0,0,0,0,0,0,0,0,0,0
CA230172,Tuza,glassy inclusion,Spectrum 261,75.2,3.28,0,12.22,3.37,0,3.33,2.35,0,0.24,0,0,0,0,0,0,0,0,0,0,0,0,0
CA230172,Tuza,glassy inclusion,Spectrum 262,75,5.47,0,15.84,0,0,2.23,0.96,0,0.35,0.15,0,0,0,0,0,0,0,0,0,0,0,0
CA230172,Tuza,glassy inclusion,Spectrum 264,74.52,5.64,0,16.07,0,0,2.38,0.83,0,0.37,0.19,0,0,0,0,0,0,0,0,0,0,0,0
CA230172,Tuza,glassy inclusion,Spectrum 279,74.47,5.96,0,16.14,0,0,2.32,0.8,0,0.32,0,0,0,0,0,0,0,0,0,0,0,0,0
CA230172,Tuza,glassy inclusion,Spectrum 287,77.34,5.26,0,13.95,0,0,2.43,0.74,0,0.27,0,0,0,0,0,0,0,0,0,0,0,0,0
CA230439,Piartal,glassy inclusion,Spectrum 177,77.49,4.27,0,13.72,0,0,3.53,0.6,0,0.38,0,0,0,0,0,0,0,0,0,0,0,0,0
CA230449,Capulí,glassy inclusion,inclusion 2,75.79,3.07,0,14.12,0,0,4.21,1.16,0,1.31,0.34,0,0,0,0,0,0,0,0,0,0,0,0
CA230128,red slip,inclusion,Spectrum 360,78.43,2.52,0,12.88,0,0,4,1.16,0,1.01,0,0,0,0,0,0,0,0,0,0,0,0,0
CA230128,red slip,inclusion,Spectrum 365,78.29,2.96,0,12.81,0,0,3.94,1.06,0,0.75,0.19,0,0,0,0,0,0,0,0,0,0,0,0
CA230128,red slip,inclusion,Spectrum 366,63.52,0,0.62,15.87,0,0,0.44,1.11,0,17.95,0.49,0,0,0,0,0,0,0,0,0,0,0,0
CA230128,red slip,inclusion,Spectrum 367,43.12,1.66,11.99,10.72,0,0,0.51,12.58,0.34,16.23,2.86,0,0,0,0,0,0,0,0,0,0,0,0
CA230128,red slip,inclusion,Spectrum 368,78.75,2.24,0,12.87,0,0,4.08,1.07,0,0.81,0.18,0,0,0,0,0,0,0,0,0,0,0,0
CA230128,red slip,inclusion,Spectrum 370,50.13,1.49,16.89,8.67,0,0,0.16,9.77,0.29,11.65,0.95,0,0,0,0,0,0,0,0,0,0,0,0
CA230128,red slip,inclusion,Spectrum 374,45.23,2.21,15.78,11.89,0,0,0.28,11.04,0,11.96,1.61,0,0,0,0,0,0,0,0,0,0,0,0
CA230128,red slip,inclusion,Spectrum 376,77.76,2.56,0,13.51,0,0,3.52,1.64,0,1,0,0,0,0,0,0,0,0,0,0,0,0,0
CA230128,red slip,inclusion,Spectrum 378,50.82,1.7,14.24,10.6,0,0,0.31,9.83,0.29,11,1.21,0,0,0,0,0,0,0,0,0,0,0,0
CA230129,red slip,inclusion,Spectrum 390,90.4,1.47,0,5.28,0,0,0.79,0.79,0,1.02,0.24,0,0,0,0,0,0,0,0,0,0,0,0
CA230129,red slip,inclusion,Spectrum 391,75.55,2.57,0,13.56,0,0,6.69,0.67,0,0.54,0,0,0.42,0,0,0,0,0,0,0,0,0,0
CA230129,red slip,inclusion,Spectrum 392,46.01,0,0,10.98,0.75,0,0.43,2.09,0,39.39,0.34,0,0,0,0,0,0,0,0,0,0,0,0
CA230129,red slip,inclusion,Spectrum 393,43.41,1.65,12.05,11.27,0,0,0.78,10.79,0.53,17.45,2.06,0,0,0,0,0,0,0,0,0,0,0,0
CA230129,red slip,inclusion,Spectrum 406,98.42,0,0,0.61,0,0,0,0.55,0,0.43,0,0,0,0,0,0,0,0,0,0,0,0,0
CA230129,red slip,inclusion,Spectrum 407,50.23,1.43,15.94,7.78,0,0,0.45,10.48,0.44,12.3,0.94,0,0,0,0,0,0,0,0,0,0,0,0
CA230129,red slip,inclusion,Spectrum 408,72.93,5.71,0,15.41,0,0,3.36,1.32,0,0.9,0.38,0,0,0,0,0,0,0,0,0,0,0,0
CA230144,Piartal,inclusion,Spectrum 209,52.64,2.11,18.5,10.23,0,0,0.39,7.85,0.4,7.02,0.87,0,0,0,0,0,0,0,0,0,0,0,0
CA230144,Piartal,inclusion,Spectrum 210,47.68,2.67,18.23,13.89,0,0,0.39,9.53,0,5.63,1.67,0,0,0,0,0,0,0,0,0,0,0,0
CA230144,Piartal,inclusion,Spectrum 211,51.71,1.95,15.15,10.03,0,0,0.44,9.98,0.31,9.41,1.02,0,0,0,0,0,0,0,0,0,0,0,0
CA230150,Tuza,inclusion,Spectrum 323,57.11,2.16,22.5,10.69,0,0,0.13,5.34,0,1.76,0.31,0,0,0,0,0,0,0,0,0,0,0,0
CA230150,Tuza,inclusion,Spectrum 333,62.29,12.64,0,22.94,0,0,0.75,1.37,0,0,0,0,0,0,0,0,0,0,0,0,0,0,0
CA230163,Tuza,inclusion,Spectrum 11,76.31,1.6,0,14.9,0,0,3.67,1.56,0,1.5,0,0,0.45,0,0,0,0,0,0,0,0,0,0
CA230163,Tuza,inclusion,Spectrum 12,78.26,2.76,0,13.52,0,0,2.78,2.02,0,0.67,0,0,0,0,0,0,0,0,0,0,0,0,0
CA230163,Tuza,inclusion,Spectrum 13,79.65,1.69,0,12.78,0,0,3.68,0.79,0,1.11,0.3,0,0,0,0,0,0,0,0,0,0,0,0
CA230163,Tuza,inclusion,Spectrum 15,78.26,2.69,0,12.95,0,0,4.36,0.83,0,0.91,0,0,0,0,0,0,0,0,0,0,0,0,0
CA230163,Tuza,inclusion,Spectrum 18,75.43,2.33,0,15.67,0,0,2.96,1.73,0,1.52,0.35,0,0,0,0,0,0,0,0,0,0,0,0
CA230163,Tuza,inclusion,Spectrum 19,75.39,2.48,0,15.75,0,0,3.08,1.6,0,1.45,0.26,0,0,0,0,0,0,0,0,0,0,0,0
CA230163,Tuza,inclusion,Spectrum 20,62.53,4.98,0,23.59,0,0,1.03,7.28,0,0.59,0,0,0,0,0,0,0,0,0,0,0,0,0
CA230163,Tuza,inclusion,Spectrum 26,96.77,0,0,2.07,0,0,0.16,0.26,0,0.74,0,0,0,0,0,0,0,0,0,0,0,0,0
CA230163,Tuza,inclusion,Spectrum 27,63.53,6.93,0,23.11,0,0,0.71,4.8,0,0.62,0,0,0.31,0,0,0,0,0,0,0,0,0,0
CA230163,Tuza,inclusion,Spectrum 29,81.32,0.98,0,12.03,0,0,2.74,1.02,0,1.57,0.34,0,0,0,0,0,0,0,0,0,0,0,0
CA230163,Tuza,inclusion,Spectrum 30,78.16,2.54,0,12.96,0,0,4.3,0.92,0,0.88,0.25,0,0,0,0,0,0,0,0,0,0,0,0
CA230163,Tuza,inclusion,Spectrum 31,78.77,1.89,0,12.95,0,0,3.11,0.98,0,1.56,0.75,0,0,0,0,0,0,0,0,0,0,0,0
CA230163,Tuza,inclusion,Spectrum 32,75.7,2.39,0,15.48,0,0,3.28,1.5,0,1.33,0.33,0,0,0,0,0,0,0,0,0,0,0,0
CA230163,Tuza,inclusion,Spectrum 38,67.26,4.17,0,18.78,0,0,9.07,0,0,0.73,0,0,0,0,0,0,0,0,0,0,0,0,0
CA230163,Tuza,inclusion,Spectrum 39,78.75,1.59,0,13.81,0,0,3.44,0.88,0,1.28,0.24,0,0,0,0,0,0,0,0,0,0,0,0
CA230163,Tuza,inclusion,Spectrum 40,74.19,3.06,0,15.72,0,0,3.74,1.88,0,1.41,0,0,0,0,0,0,0,0,0,0,0,0,0
CA230163,Tuza,inclusion,Spectrum 50,97.84,0.36,0,1.27,0,0,0.17,0,0,0.37,0,0,0,0,0,0,0,0,0,0,0,0,0
CA230163,Tuza,inclusion,Spectrum 52,67.03,4.74,0,19.5,0,0,2.22,5.14,0,1.11,0.27,0,0,0,0,0,0,0,0,0,0,0,0
CA230163,Tuza,inclusion,Spectrum 62,76.98,2.94,0,13.28,0,0,4.51,0.9,0,1.16,0.25,0,0,0,0,0,0,0,0,0,0,0,0
CA230163,Tuza,inclusion,Spectrum 63,72.27,4.79,0,15.49,0,0,3.78,1.79,0,1.48,0.4,0,0,0,0,0,0,0,0,0,0,0,0
CA230163,Tuza,inclusion,Spectrum 64,84.71,2.49,0,9.68,0,0,1.39,1.33,0,0.39,0,0,0,0,0,0,0,0,0,0,0,0,0
CA230163,Tuza,inclusion,Spectrum 65,78.03,4.27,0,13.32,0,0,1.67,1.94,0,0.44,0,0,0.34,0,0,0,0,0,0,0,0,0,0
CA230163,Tuza,inclusion,Spectrum 66,77.58,2.97,0,13.09,0,0,4.37,0.92,0,0.88,0.19,0,0,0,0,0,0,0,0,0,0,0,0
CA230163,Tuza,inclusion,Spectrum 67,77.72,3.22,0,12.78,0,0,4.44,0.81,0,0.86,0.16,0,0,0,0,0,0,0,0,0,0,0,0
CA230163,Tuza,inclusion,Spectrum 73,50.13,1.54,16.52,7.09,0,0,0.42,10.61,0.57,11.85,1.27,0,0,0,0,0,0,0,0,0,0,0,0
CA230163,Tuza,inclusion,Spectrum 83,68.92,6.12,0,17.02,0,0,1.34,2.89,0,0.33,0.2,0,0,0,0,0,0,0,0,3.17,0,0,0
CA230163,Tuza,inclusion,Spectrum 84,75.3,2.56,0,14.97,0,0,3.9,1.67,0,1.29,0.31,0,0,0,0,0,0,0,0,0,0,0,0
CA230163,Tuza,inclusion,Spectrum 85,46.87,2.34,13.51,13.89,0,0,0.46,9.5,0,11.64,1.79,0,0,0,0,0,0,0,0,0,0,0,0
CA230163,Tuza,inclusion,Spectrum 86,96.18,0,0,2.27,0,0,0.67,0,0,0.38,0.5,0,0,0,0,0,0,0,0,0,0,0,0
CA230163,Tuza,inclusion,Spectrum 88,75.39,2.42,0,15.24,0,0,3.53,1.51,0,1.34,0.23,0,0.34,0,0,0,0,0,0,0,0,0,0
CA230163,Tuza,inclusion,Spectrum 89,50.72,0,1.44,10.66,0,0,0.77,1,0.36,15.95,19.1,0,0,0,0,0,0,0,0,0,0,0,0
CA230171,Tuza,inclusion,Spectrum 113,41.25,2.42,14.68,13.57,0,0,0.76,12.66,0,10.85,3.82,0,0,0,0,0,0,0,0,0,0,0,0
CA230171,Tuza,inclusion,Spectrum 114,46.39,2.36,16.52,10.23,0,0,0.52,10.69,0.24,10.65,2.41,0,0,0,0,0,0,0,0,0,0,0,0
CA230171,Tuza,inclusion,Spectrum 117,77.42,3.73,0.83,12.23,0,0,0.82,2.19,0,2.51,0.27,0,0,0,0,0,0,0,0,0,0,0,0
CA230171,Tuza,inclusion,Spectrum 168,80.4,3.54,0,11.01,0,0,3.05,1.21,0,0.79,0,0,0,0,0,0,0,0,0,0,0,0,0
CA230171,Tuza,inclusion,Spectrum 169,90.72,1.16,0,4.81,0,0,2.12,0.43,0,0.75,0,0,0,0,0,0,0,0,0,0,0,0,0
CA230171,Tuza,inclusion,Spectrum 172,72.44,6.13,0,17.13,0,0,0.76,3.34,0,0.2,0,0,0,0,0,0,0,0,0,0,0,0,0
CA230171,Tuza,inclusion,Spectrum 174,77.44,2.62,0,12.8,0,0,5.43,0.78,0,0.7,0.23,0,0,0,0,0,0,0,0,0,0,0,0
CA230171,Tuza,inclusion,Spectrum 176,74.75,3.1,0,14.17,0,0,5,1.31,0,1.35,0.31,0,0,0,0,0,0,0,0,0,0,0,0
CA230171,Tuza,inclusion,Spectrum 177,77.62,2.12,0,12.49,0,0,5.41,0.94,0,1.07,0.34,0,0,0,0,0,0,0,0,0,0,0,0
CA230171,Tuza,inclusion,Spectrum 179,77.43,0.91,0,12.48,0,0,6.51,1.17,0,1.18,0.32,0,0,0,0,0,0,0,0,0,0,0,0
CA230171,Tuza,inclusion,Spectrum 180,77.51,2.73,0,13.4,0,0,4.56,1.23,0,0.57,0,0,0,0,0,0,0,0,0,0,0,0,0
CA230171,Tuza,inclusion,Spectrum 190,97.25,0.36,0,1.65,0,0,0.51,0,0,0.22,0,0,0,0,0,0,0,0,0,0,0,0,0
CA230171,Tuza,inclusion,Spectrum 191,86.13,6.09,0.74,0,0,0,3.9,2.92,0,0.22,0,0,0,0,0,0,0,0,0,0,0,0,0
CA230172,Tuza,inclusion,Spectrum 213,78.51,4.27,0,13.62,0,0,2.86,0.47,0,0.27,0,0,0,0,0,0,0,0,0,0,0,0,0
CA230172,Tuza,inclusion,Spectrum 214,78.55,4.34,0,13.68,0,0,2.82,0.36,0,0.25,0,0,0,0,0,0,0,0,0,0,0,0,0
CA230172,Tuza,inclusion,Spectrum 228,56.08,2.17,20.45,9.62,0,0,0.32,6.84,0,3.78,0.74,0,0,0,0,0,0,0,0,0,0,0,0
CA230172,Tuza,inclusion,Spectrum 231,55.52,6.69,0,30.98,0,0,0.19,6.42,0,0.19,0,0,0,0,0,0,0,0,0,0,0,0,0
CA230172,Tuza,inclusion,Spectrum 232,54.21,1.88,13.94,14.53,0,0,0.37,8.82,0,5.89,0.37,0,0,0,0,0,0,0,0,0,0,0,0
CA230172,Tuza,inclusion,Spectrum 233,53.33,2.43,14.88,16.6,0,0,0.33,7.23,0,4.89,0.31,0,0,0,0,0,0,0,0,0,0,0,0
CA230172,Tuza,inclusion,Spectrum 235,77.89,3.73,0,14.86,0,0,2.42,0.83,0,0.27,0,0,0,0,0,0,0,0,0,0,0,0,0
CA230172,Tuza,inclusion,Spectrum 236,78.09,3.84,0,14.87,0,0,2.2,0.78,0,0.21,0,0,0,0,0,0,0,0,0,0,0,0,0
CA230172,Tuza,inclusion,Spectrum 237,53.24,2.98,20.8,11.28,0,0,0.38,6.96,0,3.34,1.01,0,0,0,0,0,0,0,0,0,0,0,0
CA230172,Tuza,inclusion,Spectrum 240,74.75,4.71,0,16.24,0,0,3.72,0.58,0,0,0,0,0,0,0,0,0,0,0,0,0,0,0
CA230172,Tuza,inclusion,Spectrum 241,77.85,3.42,0,15.1,0,0,2.49,0.79,0,0.36,0,0,0,0,0,0,0,0,0,0,0,0,0
CA230172,Tuza,inclusion,Spectrum 269,81.11,3.59,0,11.67,0,0,3.24,0.39,0,0,0,0,0,0,0,0,0,0,0,0,0,0,0
CA230172,Tuza,inclusion,Spectrum 270,70.37,8.18,0,18.27,0,0,1.89,1.3,0,0,0,0,0,0,0,0,0,0,0,0,0,0,0
CA230172,Tuza,inclusion,Spectrum 271,77.6,4.52,0,14.1,0,0,3.22,0.4,0,0,0.17,0,0,0,0,0,0,0,0,0,0,0,0
CA230172,Tuza,inclusion,Spectrum 275,78.72,3.52,0,14.18,0,0,2.34,0.76,0,0.32,0.18,0,0,0,0,0,0,0,0,0,0,0,0
CA230172,Tuza,inclusion,Spectrum 282,92.61,1.71,0,4.66,0,0,1.02,0,0,0,0,0,0,0,0,0,0,0,0,0,0,0,0
CA230172,Tuza,inclusion,Spectrum 285,79.44,3.36,0,14.11,0,0,2.55,0.54,0,0,0,0,0,0,0,0,0,0,0,0,0,0,0
CA230172,Tuza,inclusion,Spectrum 288,52.83,3.25,20.62,11.69,0,0,0.39,6.72,0,3.28,1.22,0,0,0,0,0,0,0,0,0,0,0,0
CA230172,Tuza,inclusion,Spectrum 306,82.03,2.89,0,12.3,0,0,2.52,0,0,0.26,0,0,0,0,0,0,0,0,0,0,0,0,0
CA230172,Tuza,inclusion,Spectrum 308,79.65,3.33,0,13.95,0,0,2.46,0.45,0,0.16,0,0,0,0,0,0,0,0,0,0,0,0,0
CA230172,Tuza,inclusion,Spectrum 310,70.87,7.21,0,18.85,0,0,1.28,1.8,0,0,0,0,0,0,0,0,0,0,0,0,0,0,0
CA230172,Tuza,inclusion,Spectrum 311,79.04,3.76,0,13.8,0,0,2.66,0.48,0,0.25,0,0,0,0,0,0,0,0,0,0,0,0,0
CA230172,Tuza,inclusion,Spectrum 312,66.56,5.84,0,21.24,0,0,6.36,0,0,0,0,0,0,0,0,0,0,0,0,0,0,0,0
CA230172,Tuza,inclusion,Spectrum 313,79.21,3.7,0,14.11,0,0,2.29,0.47,0,0.22,0,0,0,0,0,0,0,0,0,0,0,0,0
CA230172,Tuza,inclusion,Spectrum 314,78.44,3.18,0,14.77,0,0,2.35,0.59,0,0.49,0.18,0,0,0,0,0,0,0,0,0,0,0,0
CA230172,Tuza,inclusion,Spectrum 316,81.95,2.71,0,12.53,0,0,2.1,0.39,0,0.33,0,0,0,0,0,0,0,0,0,0,0,0,0
CA230176,Piartal,inclusion,Spectrum 137,25.13,0,0,10.73,0,2.25,0.37,2.92,0,2.93,0.41,0,0,11.15,0,1.88,42.23,0,0,0,0,0,0
CA230176,Piartal,inclusion,Spectrum 150,48.25,1.32,15.27,8.39,0,0,0.34,11.45,0.38,13.11,1.49,0,0,0,0,0,0,0,0,0,0,0,0
CA230176,Piartal,inclusion,Spectrum 151,53,0.71,19.28,4.41,0,0,0,3.78,0.72,17.73,0.38,0,0,0,0,0,0,0,0,0,0,0,0
CA230176,Piartal,inclusion,Spectrum 152,27.65,0.7,0,8.81,0,0,61.26,0,0,1.58,0,0,0,0,0,0,0,0,0,0,0,0,0
CA230176,Piartal,inclusion,Spectrum 153,48.85,1.3,15.24,7.98,0,0,0.22,10.77,0.42,14.33,0.9,0,0,0,0,0,0,0,0,0,0,0,0
CA230439,Piartal,inclusion,Spectrum 174,93.26,0,0,3.21,1.6,0,0.18,0.67,0.28,0.79,0,0,0,0,0,0,0,0,0,0,0,0,0
CA230439,Piartal,inclusion,Spectrum 176,54.61,1.31,17.76,7.2,0,0,0.23,9.92,0.37,7.77,0.83,0,0,0,0,0,0,0,0,0,0,0,0
CA230439,Piartal,inclusion,Spectrum 178,77.81,4.44,0,13.73,0,0,2.77,0.81,0,0.44,0,0,0,0,0,0,0,0,0,0,0,0,0
CA230439,Piartal,inclusion,Spectrum 179,53.17,1.96,19.01,9.17,0,0,0.29,7.97,0.3,6.55,0.79,0,0,0,0,0,0,0,0,0.8,0,0,0
CA230439,Piartal,inclusion,Spectrum 185,58.71,0,0,29.99,4.33,0,0.63,0.71,0,4.81,0.83,0,0,0,0,0,0,0,0,0,0,0,0
CA230443,Capulí,inclusion,Spectrum 12,50.21,1.13,15.64,6.14,0,0,0.26,11.65,0.59,13.39,0.99,0,0,0,0,0,0,0,0,0,0,0,0
CA230443,Capulí,inclusion,Spectrum 13,49.72,1.17,15.3,6.76,0,0,0.29,11.63,0.59,13.39,1.15,0,0,0,0,0,0,0,0,0,0,0,0
CA230443,Capulí,inclusion,Spectrum 14,48.5,1.29,13.86,7.52,0,0,0.48,11.67,0.5,15.11,1.06,0,0,0,0,0,0,0,0,0,0,0,0
CA230443,Capulí,inclusion,Spectrum 15,42.17,2.11,14.43,10.81,0,0,0.59,12.94,0.2,13.53,3.22,0,0,0,0,0,0,0,0,0,0,0,0
CA230443,Capulí,inclusion,Spectrum 18,48.76,1.24,14.97,7.28,0,0,0.39,11.74,0.62,13.85,1.15,0,0,0,0,0,0,0,0,0,0,0,0
CA230443,Capulí,inclusion,Spectrum 49,42.85,0,11.92,17.58,0.8,0,7.47,0,0.37,14.6,4.41,0,0,0,0,0,0,0,0,0,0,0,0
CA230443,Capulí,inclusion,Spectrum 56,58.04,0,0.9,29.03,2.04,0,1.28,2.55,0,5.28,0.88,0,0,0,0,0,0,0,0,0,0,0,0
CA230443,Capulí,inclusion,Spectrum 58,73.8,0,0,16.05,3.32,0,0.24,1.94,0,4.43,0.23,0,0,0,0,0,0,0,0,0,0,0,0
CA230448,Capulí,inclusion,Spectrum 109,41.66,2.25,10.99,13.7,0,0,0.42,11.26,0.18,17.09,2.26,0,0,0,0.2,0,0,0,0,0,0,0,0
CA230448,Capulí,inclusion,Spectrum 111,38.88,0,0,18.86,0,0,0.3,1.36,2.32,35.42,2.86,0,0,0,0,0,0,0,0,0,0,0,0
CA230448,Capulí,inclusion,Spectrum 112,44.69,2.21,14.92,11.02,0,0,0.56,11.88,0,12.23,2.49,0,0,0,0,0,0,0,0,0,0,0,0
CA230448,Capulí,inclusion,Spectrum 114,46.2,2.32,16.14,12.32,0,0,0.37,10.57,0,11.11,0.98,0,0,0,0,0,0,0,0,0,0,0,0
CA230448,Capulí,inclusion,Spectrum 74,47.42,1.36,13.26,7.87,0,0,0.55,11.66,1.08,15.5,1.32,0,0,0,0,0,0,0,0,0,0,0,0
CA230448,Capulí,inclusion,Spectrum 75,48.9,1.21,15.25,7.09,0,0,0.4,11.7,0.47,13.83,1.16,0,0,0,0,0,0,0,0,0,0,0,0
CA230448,Capulí,inclusion,Spectrum 77,55.12,0,20.78,2.67,0,0,0,2.24,0.83,18.1,0.25,0,0,0,0,0,0,0,0,0,0,0,0
CA230448,Capulí,inclusion,Spectrum 81,77.62,2.72,0,13.34,0,0,4.49,0.92,0,0.72,0.18,0,0,0,0,0,0,0,0,0,0,0,0
CA230449,Capulí,inclusion,Spectrum 29,49,1.12,14.81,6.63,0,0,0.39,11.98,0.53,14.34,1.2,0,0,0,0,0,0,0,0,0,0,0,0
CA230449,Capulí,inclusion,Spectrum 30,46.24,1.37,12.77,8.17,0,0,0.77,12.2,0.42,16.65,1.4,0,0,0,0,0,0,0,0,0,0,0,0
CA230449,Capulí,inclusion,Spectrum 31,50.59,1.9,0,21.98,0,0,0.79,1.73,0.42,21.29,1.3,0,0,0,0,0,0,0,0,0,0,0,0
CA230449,Capulí,inclusion,Spectrum 33,42.53,2.44,14.76,12.78,0,0,0.66,12.03,0,11.54,3.27,0,0,0,0,0,0,0,0,0,0,0,0
CA230449,Capulí,inclusion,Spectrum 35,48.94,1.08,14.56,6.48,0,0,0.38,12.37,0.58,14.59,1.02,0,0,0,0,0,0,0,0,0,0,0,0
CA230449,Capulí,inclusion,Spectrum 36,48.56,1.11,14.29,7.01,0,0,0.47,12.08,0.64,14.77,1.07,0,0,0,0,0,0,0,0,0,0,0,0
CA230449,Capulí,inclusion,Spectrum 37,49.12,1.17,15.25,6.95,0,0,0.39,11.83,0.57,13.56,1.17,0,0,0,0,0,0,0,0,0,0,0,0
CA230449,Capulí,inclusion,Spectrum 38,42.02,2.53,14.11,12.66,0,0,0.48,12.26,0.29,12.74,2.9,0,0,0,0,0,0,0,0,0,0,0,0
CA230449,Capulí,inclusion,Spectrum 41,54.29,0,20.17,3.07,0,0,0,2.05,0.87,19.18,0.37,0,0,0,0,0,0,0,0,0,0,0,0
CA230449,Capulí,inclusion,Spectrum 46,45.45,1.4,12.68,8.75,0,0,0.64,12.13,0.5,17.08,1.38,0,0,0,0,0,0,0,0,0,0,0,0
CA230449,Capulí,inclusion,Spectrum 47,98.57,0,0,1.01,0,0,0.16,0,0,0.26,0,0,0,0,0,0,0,0,0,0,0,0,0
CA230449,Capulí,inclusion,Spectrum 54,25.3,0,0.62,41.46,0,0,0,0,0.27,32.35,0,0,0,0,0,0,0,0,0,0,0,0,0
CA230172,Tuza,inclusion ,Spectrum 265,72.98,5.5,0.71,16.47,0,0,2.55,1.08,0,0.5,0.21,0,0,0,0,0,0,0,0,0,0,0,0
CA230176,Piartal,inclusion ,Spectrum 123,49.64,5,1.16,31.84,0,0,2.32,2.84,0,7.2,0,0,0,0,0,0,0,0,0,0,0,0,0
CA230176,Piartal,inclusion ,Spectrum 146,78.06,2.99,0,13.4,0,0,2.83,1.64,0,1.07,0,0,0,0,0,0,0,0,0,0,0,0,0
CA230176,Piartal,inclusion ,Spectrum 147,78.24,2.93,0,13.33,0,0,2.85,1.67,0,0.97,0,0,0,0,0,0,0,0,0,0,0,0,0
CA230176,Piartal,inclusion ,Spectrum 154,78.34,2.86,0,13.19,0,0,2.97,1.66,0,0.97,0,0,0,0,0,0,0,0,0,0,0,0,0
CA230171,Tuza,inclusion  ,Spectrum 140,75.89,4.87,0,13.27,0,0,0.69,2.43,0,2.41,0.45,0,0,0,0,0,0,0,0,0,0,0,0
CA230171,Tuza,inclusion  ,Spectrum 141,77.38,1.42,0,12.5,0,0,6.64,0.93,0,0.93,0.19,0,0,0,0,0,0,0,0,0,0,0,0
CA230171,Tuza,inclusion  ,Spectrum 143,73,2.94,0.46,15,0,0,4.46,1.72,0,2.01,0.41,0,0,0,0,0,0,0,0,0,0,0,0
CA230171,Tuza,inclusion  ,Spectrum 145,40.79,2.14,12.88,10.96,0,0,0.66,13.44,0.27,14.89,3.95,0,0,0,0,0,0,0,0,0,0,0,0
CA230171,Tuza,inclusion  ,Spectrum 146,79.09,2.37,0,11.93,0,0,4.86,0.7,0,0.88,0.19,0,0,0,0,0,0,0,0,0,0,0,0
CA230171,Tuza,inclusion  ,Spectrum 147,78.09,2.04,0,12.75,0,0,5.21,0.87,0,0.82,0.22,0,0,0,0,0,0,0,0,0,0,0,0
CA230171,Tuza,inclusion  ,Spectrum 149,52.62,0,23.16,0.91,0,0,0,1.7,0.66,20.65,0.3,0,0,0,0,0,0,0,0,0,0,0,0
CA230171,Tuza,inclusion  ,Spectrum 150,78.05,2.33,0,12.75,0,0,5.2,0.83,0,0.84,0,0,0,0,0,0,0,0,0,0,0,0,0
CA230171,Tuza,inclusion  ,Spectrum 152,75.24,2.83,0,14.18,0,0,4.61,1.27,0,1.46,0.4,0,0,0,0,0,0,0,0,0,0,0,0
CA230171,Tuza,inclusion  ,Spectrum 155,79.96,1.9,0,11.73,0,0,4.51,0.72,0,0.82,0,0,0.35,0,0,0,0,0,0,0,0,0,0
CA230171,Tuza,inclusion  ,Spectrum 156,73.96,1.63,0,13.8,0,0,6.41,1.94,0,1.94,0.33,0,0,0,0,0,0,0,0,0,0,0,0
CA230171,Tuza,inclusion  ,Spectrum 157,80.36,1.22,0,11.19,0,0,5,0,0,1.6,0.63,0,0,0,0,0,0,0,0,0,0,0,0
CA230171,Tuza,inclusion  ,Spectrum 158,74.94,2.54,0,13.66,0,0,5.85,0.95,0,1.44,0.62,0,0,0,0,0,0,0,0,0,0,0,0
CA230171,Tuza,inclusion  ,Spectrum 159,43.31,2.3,14.94,12.19,0,0,0.59,11.69,0,11.88,3.11,0,0,0,0,0,0,0,0,0,0,0,0
CA230163,Tuza,inclusion trapped in glassy inclusion,Spectrum 55,53.51,0,25.04,1.13,0,0,0,1.26,0.6,18.2,0.27,0,0,0,0,0,0,0,0,0,0,0,0
CA230172,Tuza,inclusion trapped in glassy inclusion,Spectrum 260,56.27,2.13,20.49,8.27,0,0,0.35,7.49,0.23,4.07,0.7,0,0,0,0,0,0,0,0,0,0,0,0
CA230172,Tuza,inclusion trapped in glassy inclusion,Spectrum 276,61.86,10.38,0,24.07,0,0,0.66,3.03,0,0,0,0,0,0,0,0,0,0,0,0,0,0,0
CA230172,Tuza,inclusion trapped in glassy inclusion,Spectrum 277,60.01,10.29,0,25.76,0,0,0.45,3.49,0,0,0,0,0,0,0,0,0,0,0,0,0,0,0
CA230171,Tuza,inclusion with Fe-Ti zoning,Spectrum 136,76.8,2.78,0,13.45,0,0,4.41,1.18,0,1.05,0.32,0,0,0,0,0,0,0,0,0,0,0,0
CA230171,Tuza,inclusion with Fe-Ti zoning,Spectrum 137,55.81,5.35,0,27.55,0,0,0.42,10.26,0,0.6,0,0,0,0,0,0,0,0,0,0,0,0,0
CA230172,Tuza,inclusion with Fe-Ti zoning,Spectrum 289,14.68,0,2.35,10.94,1.79,0,0,0.32,0,2.35,67.57,0,0,0,0,0,0,0,0,0,0,0,0
CA230172,Tuza,inclusion with Fe-Ti zoning,Spectrum 293,12.7,0,2.34,9.34,1.75,0,0,0.34,0,2.34,67.95,0,1.92,0,1.32,0,0,0,0,0,0,0,0
CA230172,Tuza,inclusion with Fe-Ti zoning,Spectrum 294,17.53,0,0,13.17,1.86,0,0.23,0.5,0,2.54,64.17,0,0,0,0,0,0,0,0,0,0,0,0
CA230172,Tuza,inclusion with Fe-Ti zoning,Spectrum 295,11.65,0,0,7.87,2.34,0,0,0.63,0,2.7,71.67,0,2.16,0,0.99,0,0,0,0,0,0,0,0
CA230128,red slip,porous inclusion,Spectrum 382,73.26,3.58,0,14.68,0,0,3.86,2.24,0,1.83,0.55,0,0,0,0,0,0,0,0,0,0,0,0
CA230144,Piartal,porous inclusion,Spectrum 214,79.98,3.93,0,12.34,0,0,2.37,0.91,0,0.27,0.2,0,0,0,0,0,0,0,0,0,0,0,0
CA230128,red slip,Qtz,Spectrum 358,100,0,0,0,0,0,0,0,0,0,0,0,0,0,0,0,0,0,0,0,0,0,0
CA230128,red slip,Qtz,Spectrum 359,100,0,0,0,0,0,0,0,0,0,0,0,0,0,0,0,0,0,0,0,0,0,0
CA230129,red slip,Qtz,Spectrum 398,99.8,0,0,0,0,0,0,0,0,0.2,0,0,0,0,0,0,0,0,0,0,0,0,0
CA230129,red slip,Qtz,Spectrum 400,99.82,0,0,0,0,0,0,0,0,0.18,0,0,0,0,0,0,0,0,0,0,0,0,0
CA230129,red slip,Qtz,Spectrum 403,99.64,0,0,0,0,0,0,0,0,0.36,0,0,0,0,0,0,0,0,0,0,0,0,0
CA230144,Piartal,Qtz,Spectrum 93,100,0,0,0,0,0,0,0,0,0,0,0,0,0,0,0,0,0,0,0,0,0,0
CA230144,Piartal,Qtz,Spectrum 94,100,0,0,0,0,0,0,0,0,0,0,0,0,0,0,0,0,0,0,0,0,0,0
CA230144,Piartal,Qtz,Spectrum 95,99.18,0,0,0.82,0,0,0,0,0,0,0,0,0,0,0,0,0,0,0,0,0,0,0
CA230150,Tuza,Qtz,Spectrum 329,100,0,0,0,0,0,0,0,0,0,0,0,0,0,0,0,0,0,0,0,0,0,0
CA230150,Tuza,Qtz,Spectrum 330,100,0,0,0,0,0,0,0,0,0,0,0,0,0,0,0,0,0,0,0,0,0,0
CA230150,Tuza,Qtz,Spectrum 331,100,0,0,0,0,0,0,0,0,0,0,0,0,0,0,0,0,0,0,0,0,0,0
CA230163,Tuza,Qtz,Spectrum 22,99.68,0,0,0,0,0,0,0,0,0.32,0,0,0,0,0,0,0,0,0,0,0,0,0
CA230171,Tuza,Qtz,Spectrum 111,100,0,0,0,0,0,0,0,0,0,0,0,0,0,0,0,0,0,0,0,0,0,0
CA230171,Tuza,Qtz,Spectrum 151,99.81,0,0,0,0,0,0,0,0,0.19,0,0,0,0,0,0,0,0,0,0,0,0,0
CA230171,Tuza,Qtz,Spectrum 170,100,0,0,0,0,0,0,0,0,0,0,0,0,0,0,0,0,0,0,0,0,0,0
CA230171,Tuza,Qtz,Spectrum 171,98.68,0,0,0,0,0,0,0.65,0,0.49,0.19,0,0,0,0,0,0,0,0,0,0,0,0
CA230172,Tuza,Qtz,Spectrum 274,99.32,0.56,0,0,0,0,0.12,0,0,0,0,0,0,0,0,0,0,0,0,0,0,0,0
CA230172,Tuza,Qtz,Spectrum 281,100,0,0,0,0,0,0,0,0,0,0,0,0,0,0,0,0,0,0,0,0,0,0
CA230172,Tuza,Qtz,Spectrum 317,100,0,0,0,0,0,0,0,0,0,0,0,0,0,0,0,0,0,0,0,0,0,0
CA230176,Piartal,Qtz,Spectrum 139,100,0,0,0,0,0,0,0,0,0,0,0,0,0,0,0,0,0,0,0,0,0,0
CA230176,Piartal,Qtz,Spectrum 140,100,0,0,0,0,0,0,0,0,0,0,0,0,0,0,0,0,0,0,0,0,0,0
CA230439,Piartal,Qtz,Spectrum 180,100,0,0,0,0,0,0,0,0,0,0,0,0,0,0,0,0,0,0,0,0,0,0
CA230439,Piartal,Qtz,Spectrum 182,99.8,0,0,0,0,0,0,0.2,0,0,0,0,0,0,0,0,0,0,0,0,0,0,0
CA230439,Piartal,Qtz,Spectrum 76,100,0,0,0,0,0,0,0,0,0,0,0,0,0,0,0,0,0,0,0,0,0,0
CA230443,Capulí,Qtz,Spectrum 21,100,0,0,0,0,0,0,0,0,0,0,0,0,0,0,0,0,0,0,0,0,0,0
CA230443,Capulí,Qtz,Spectrum 59,99.65,0,0,0,0,0,0,0.12,0,0.23,0,0,0,0,0,0,0,0,0,0,0,0,0
CA230448,Capulí,Qtz,Spectrum 108,99.75,0,0,0,0,0,0,0,0,0.25,0,0,0,0,0,0,0,0,0,0,0,0,0
CA230448,Capulí,Qtz,Spectrum 113,100,0,0,0,0,0,0,0,0,0,0,0,0,0,0,0,0,0,0,0,0,0,0
CA230448,Capulí,Qtz,Spectrum 83,99.57,0,0,0,0,0,0,0.16,0,0.27,0,0,0,0,0,0,0,0,0,0,0,0,0
CA230448,Capulí,Qtz,Spectrum 84,100,0,0,0,0,0,0,0,0,0,0,0,0,0,0,0,0,0,0,0,0,0,0
CA230449,Capulí,Qtz,inclusion 5,99.83,0,0,0,0,0,0.17,0,0,0,0,0,0,0,0,0,0,0,0,0,0,0,0
CA230171,Tuza,rock fragment,Spectrum 118,69.72,4.23,0,17.16,0,0,4.13,2.92,0,1.23,0.27,0,0.33,0,0,0,0,0,0,0,0,0,0
CA230171,Tuza,rock fragment,Spectrum 119,69.75,3.92,0,16.89,0,0,4.73,2.72,0,1.3,0.36,0,0.32,0,0,0,0,0,0,0,0,0,0
CA230171,Tuza,rock fragment,Spectrum 120,69.75,3.91,0,16.86,0,0,4.75,2.75,0,1.36,0.25,0,0.39,0,0,0,0,0,0,0,0,0,0
CA230172,Tuza,rock fragment,Spectrum 234,71,1.83,0,21.63,2.04,0,0.64,1.21,0,1.18,0.46,0,0,0,0,0,0,0,0,0,0,0,0
CA230172,Tuza,rock fragment,Spectrum 297,78.67,5.25,0,12.93,0,0,2.7,0.45,0,0,0,0,0,0,0,0,0,0,0,0,0,0,0
CA230172,Tuza,rock fragment,Spectrum 299,86.72,2.79,0,8.4,0,0,1.88,0.21,0,0,0,0,0,0,0,0,0,0,0,0,0,0,0
CA230449,Capulí,rock fragment,Spectrum 52,50.06,1.08,0,18.37,0,0,0.48,1.89,0.24,25.69,2.18,0,0,0,0,0,0,0,0,0,0,0,0
CA230449,Capulí,rock fragment,Spectrum 53,35.85,0,0,15.79,0,0,0.5,1.46,1.22,43.71,1.46,0,0,0,0,0,0,0,0,0,0,0,0
CA230163,Tuza,slip inclusion,Spectrum 33,4.34,0,0,1.83,1.45,0,0,0.49,2.95,88.94,0,0,0,0,0,0,0,0,0,0,0,0,0
CA230163,Tuza,slip inclusion,Spectrum 34,12.88,0,0,4.34,2.75,0,0.12,0.73,4.42,74.43,0.33,0,0,0,0,0,0,0,0,0,0,0,0
CA230163,Tuza,slip inclusion,Spectrum 35,6.91,0,0,2.84,2.7,0,0,0.56,2.44,83.95,0.61,0,0,0,0,0,0,0,0,0,0,0,0
CA230163,Tuza,slip inclusion,Spectrum 36,16.8,0,0,4.49,1.86,0,0.16,0.69,7.94,67.69,0.38,0,0,0,0,0,0,0,0,0,0,0,0
CA230172,Tuza,slip inclusion,Spectrum 207,30.06,0,0,4.83,2.44,0,0,0.92,0,61.21,0.55,0,0,0,0,0,0,0,0,0,0,0,0
CA230172,Tuza,slip inclusion,Spectrum 208,41.58,0,0,12.72,4.08,0.92,0,1.52,0.65,38.1,0.43,0,0,0,0,0,0,0,0,0,0,0,0
CA230172,Tuza,slip inclusion,Spectrum 209,55.04,0,0,12.98,4.48,0,0.27,1.31,0,25.42,0.5,0,0,0,0,0,0,0,0,0,0,0,0
CA230172,Tuza,slip inclusion,Spectrum 243,74.04,3.05,0.84,16.72,0,0,1.47,1.34,0,2.26,0.26,0,0,0,0,0,0,0,0,0,0,0,0
CA230176,Piartal,slip inclusion,Spectrum 126,39.47,1.67,0.93,7.96,1.3,0,6.58,7.46,1.6,10.57,0,19.02,1.01,2.43,0,0,0,0,0,0,0,0,0
CA230439,Piartal,slip inclusion,Spectrum 181,78.42,3.79,0,13.27,0,0,3.53,0.63,0,0.36,0,0,0,0,0,0,0,0,0,0,0,0,0
CA230172,Tuza,spherical inclusion,Spectrum 220,99.74,0,0,0,0,0,0,0.26,0,0,0,0,0,0,0,0,0,0,0,0,0,0,0
CA230172,Tuza,spherical inclusion,Spectrum 221,99.88,0,0,0,0,0,0.12,0,0,0,0,0,0,0,0,0,0,0,0,0,0,0,0
CA230172,Tuza,spherical inclusion,Spectrum 222,100,0,0,0,0,0,0,0,0,0,0,0,0,0,0,0,0,0,0,0,0,0,0
CA230172,Tuza,spherical inclusion,Spectrum 223,99.85,0,0,0,0,0,0.15,0,0,0,0,0,0,0,0,0,0,0,0,0,0,0,0
CA230172,Tuza,spherical inclusion,Spectrum 224,100,0,0,0,0,0,0,0,0,0,0,0,0,0,0,0,0,0,0,0,0,0,0
CA230172,Tuza,spherical inclusion,Spectrum 225,100,0,0,0,0,0,0,0,0,0,0,0,0,0,0,0,0,0,0,0,0,0,0
CA230172,Tuza,spherical inclusion,Spectrum 226,99.85,0,0,0,0,0,0.15,0,0,0,0,0,0,0,0,0,0,0,0,0,0,0,0
