name,V1,V2,V3,V4,V5,V6,V7,V8,V9,PC1,PC2,PC3,PC4,PC5,PC6,PC7,PC8,PC9,PC10,PC11,PC12,PC13,PC14,PC15,PC16,PC17,PC18,PC19,PC20,PC21,PC22,PC23,PC24,PC25,PC26,PC27,PC28,PC29,PC30,PC31,PC32,PC33,PC34,PC35,PC36,PC37,PC38,PC39,PC40,PC41,PC42,PC43,PC44,PC45,PC46,PC47,PC48,PC49,PC50,PC51,PC52,PC53,PC54,PC55,PC56,PC57,PC58,PC59,PC60,PC61,PC62,PC63,PC64,PC65,PC66,PC67,PC68,PC69,PC70,PC71,PC72,PC73,PC74,PC75,PC76,PC77,PC78,PC79,PC80,PC81,PC82,PC83,PC84,PC85
CA230334,CA230334,C12941,Capulí,no,Museo del Oro,Colombia,donacion Área Cultural Cúcuta,,,0.36219784,-0.021845737,0.034064506,0.025286366,0.007524823,0.004575117,-0.008969821,0.00456988,-0.031059971,0.001281453,-0.012181961,0.011860412,-0.007390475,0.005386621,-0.004067585,0.01398995,-0.004770774,-0.003365227,0.005654453,-0.001996936,0.002180561,-0.000470578,0.001185219,-0.002206035,0.006078614,-0.002394169,0.005845888,-0.006500678,0.005822552,-0.003918852,0.000369831,-0.0018269,0.000180722,-0.002011171,-0.001589264,0.000296455,0.002850992,-0.00116279,-0.003185319,0.001934209,0.003110406,-0.000972713,-0.001870145,-0.000979731,0.001205354,0.00055417,0.001401471,-0.001394286,-4.08E-05,-0.000208644,-3.62E-06,-0.001054913,-0.000691587,0.000258476,0.000373591,0.000188406,0.000133968,0.000220812,0.001374823,-0.000334456,-0.000416373,-0.000283854,-0.000364326,-5.05E-05,-0.000199899,-0.000202932,0.000256863,0.00014621,0.000171522,0.000124477,2.35E-05,2.78E-05,2.62E-05,3.72E-06,0.000125913,2.38E-06,4.01E-05,2.29E-05,7.09E-06,7.00E-05,1.31E-05,4.40E-06,3.47E-05,1.60E-05,1.96E-16
CA230335,CA230335,C14003,Tuza,no,Museo del Oro,Colombia,"Desconocido"""" Herederos del legado Ramos-Esteban /Rodrigo Lozano (apoderado)",,siz pointed swastika? With crabs,-0.192370778,0.004196736,0.04990002,-0.011918933,0.00010453,-0.028089103,-0.013326512,0.00103827,-0.001057246,0.001597173,-0.006041348,-0.003932065,0.00450202,0.011520259,-0.007255054,0.002434037,0.004792404,0.002801475,0.000984649,0.001455866,0.002078372,-0.002931809,-0.001025776,-0.001305798,0.000684767,0.002441391,0.000432183,-0.000811047,0.000673732,0.002918468,0.003765849,0.001219525,0.001167032,-0.001810425,-0.000554309,0.000537147,0.001187026,0.000929189,0.000612363,-0.000956034,0.000425532,6.11E-05,0.002723638,0.000822325,-0.000100735,0.000335874,0.000849997,-0.000409879,-0.000397377,0.000438589,0.000512743,0.001033648,-0.000562462,-0.000104507,-0.000467701,7.77E-05,0.000468205,0.000558832,-9.01E-05,0.000280269,-4.32E-05,0.000874758,0.000419712,-0.000467187,0.000657116,-0.000365774,0.000343998,0.000627609,0.000579913,0.000439619,-0.000329772,6.27E-05,0.000183215,0.000617058,-1.25E-05,-8.63E-05,0.000364152,-3.07E-05,0.000282795,-7.86E-05,-0.00021243,2.89E-06,2.00E-08,0.000102057,-2.51E-18
CA230336,CA230336,C14000,Piartal,no,Museo del Oro,Colombia - Desconocido,Herederos del legado Ramos-Esteban /Rodrigo Lozano (apoderado),,positive red paint,-0.236570251,-0.007877161,0.12144086,-0.00714684,0.026342831,0.012688586,-0.008713242,-0.011778676,0.006807147,0.003266899,0.016738018,-0.006831654,-0.000364642,-0.011825693,-0.005350899,0.012652034,-0.006029011,-0.000971395,0.000279756,0.006165397,-0.004260581,0.007994452,-0.005521229,0.001647851,0.005472317,0.002950431,9.00E-05,-0.004305969,-0.005579165,-0.003096344,-0.002249377,-0.00189633,0.000895814,-7.01E-05,-0.000241547,0.000661694,-0.00242097,-0.000916297,0.001818304,-0.001898594,-0.000709311,0.000471928,-3.47E-05,-4.58E-05,0.000256794,-4.22E-06,0.000591011,0.000423898,-0.000131353,-0.000107132,6.09E-05,-0.000612899,-0.000117002,-0.001572111,-0.000169567,0.000313007,0.000505456,-0.000262585,0.000527341,0.00021487,-0.000670887,-0.000111141,-0.000463052,-6.89E-05,0.000608484,-0.000360655,0.000600006,0.000329234,-0.00018408,-0.000666236,-2.06E-05,0.000128899,0.000166474,-4.23E-05,-0.00040752,-5.35E-05,-3.97E-05,4.28E-05,-0.000119428,-3.19E-05,3.02E-05,3.99E-05,-3.45E-05,0.000118994,-1.55E-16
CA230337,CA230337,C05519,Piartal,no,Museo del Oro,Nariño,Compra a Ángel Peña,,"diamond upper, dots on base",-0.227582992,0.043415623,0.011984308,0.005701033,-0.001727657,0.012793395,0.019556323,-0.007487584,0.008537737,-0.003575052,-0.005630697,0.009665589,0.000135574,-0.004140767,0.001250609,-0.000406849,0.006173872,0.002236502,0.000360201,-0.002263737,0.008015445,-0.002542798,0.001790446,-0.006661199,0.005349354,0.000526195,2.61E-05,0.000666363,-0.000911366,0.001195026,0.001686155,-9.10E-05,-0.002913546,0.001407083,0.001355128,0.000195916,0.002838215,0.000827044,6.12E-05,0.000960667,0.000656255,0.001685534,-0.000981007,0.000370242,0.000224557,-0.000967116,-0.001090328,-0.000753066,5.30E-05,0.000550301,9.90E-05,-0.001319674,-0.001551693,-0.001545648,0.000968677,0.000631005,0.000116521,0.000360996,-0.001406874,-9.61E-05,-0.000266234,0.000120507,7.84E-05,-0.000851931,0.000204862,-0.000753433,-0.000513899,-9.74E-05,-0.000329031,-0.000172867,0.000281983,7.33E-05,-0.000496793,6.22E-05,-9.34E-05,-0.00030491,0.00013325,-0.000161218,-0.000185093,-6.26E-05,2.23E-05,-8.05E-05,8.14E-05,2.13E-05,-1.92E-16
CA230338,CA230338,C13983,Piartal,no,Museo del Oro,Colombia,Herederos del legado Ramos-Esteban /Rodrigo Lozano (apoderado),,pasto star,-0.234599222,0.076268677,-0.079361668,0.006119429,-0.011425392,0.045752843,-0.010936886,0.011538177,-0.008462431,-0.000173084,0.005833005,-0.004242521,-0.013457986,0.009277203,0.006108701,-0.004624604,0.002946915,-0.005505172,-0.008626566,-0.003474852,0.006035471,-0.004394373,-0.001221653,-0.000562907,0.006670676,0.002482341,0.002044392,0.000450405,-0.002036072,-0.001383683,-0.000669256,0.00235074,-0.000601253,-0.003263458,0.000495263,0.000100265,-0.001467423,0.000474683,0.001054863,0.000393912,-0.000723052,0.00097509,-0.000719121,0.000585671,-0.001421471,0.000154112,-0.00030923,-0.000251299,0.002447732,-0.000188213,1.73E-05,-0.00023463,7.62E-05,0.000875999,-0.001109576,0.000313552,0.00068534,0.000724753,0.000967133,0.000118745,-0.000729172,0.000265782,0.000594726,-4.26E-06,0.000282067,-1.28E-05,5.06E-05,-0.00022486,0.000140697,-0.000149299,2.58E-05,0.000163438,-6.59E-05,9.62E-05,0.000104252,-3.33E-05,-0.00039903,-0.000341047,0.000142863,1.45E-05,7.49E-05,0.00022139,2.28E-05,3.33E-06,-2.49E-16
CA230339,CA230339,C13992,Piartal,no,Museo del Oro,Colombia,Herederos del legado Ramos-Esteban /Rodrigo Lozano (apoderado),,geometric - very worn with pitting,-0.107348081,-0.045536779,-0.015263081,0.013014991,-0.000770809,-0.037932085,0.020292387,-0.004688072,-0.001560173,-0.007733873,-0.008026602,-0.007665215,0.006937671,0.003862844,-0.004492594,-0.001808364,-0.004960913,-0.005550152,0.004342462,-0.001548085,-0.001164943,0.00677753,-0.009325447,-0.002755779,0.006497308,0.003966176,0.000431208,-0.00109686,0.001084239,0.00084434,0.001637189,-0.000276399,0.000204372,-0.000977118,0.00235189,-0.001456405,-0.001429329,0.001735368,-0.002953054,0.000930392,7.45E-05,0.00114843,-0.000924169,-0.000409647,0.000721546,0.00099717,-0.001043106,-0.001538503,0.001577079,0.000597155,-0.000688209,0.001026642,-0.000215181,0.000818432,-0.000666038,0.000854762,0.000308146,0.000517983,-0.001100768,-4.83E-05,0.000437052,-0.000140185,-0.000438089,0.000793578,0.000382166,0.000290183,-0.000397772,0.000128215,-0.000359962,-0.000226623,-0.000273902,-0.000173869,6.14E-05,0.000170196,5.66E-06,-0.000111898,-0.000342799,0.000195545,4.23E-05,-0.000133326,-4.11E-05,-0.000138757,-9.42E-05,5.58E-06,-9.30E-17
CA230340,CA230340,C12934,Capulí,no,Museo del Oro,Colombia,donacion Área Cultural Cúcuta,,holding hands,0.255374251,-0.091084828,0.019096772,0.028352656,-0.017442234,0.013588691,0.001864766,-0.004628911,-0.007970704,-0.013722188,0.009380556,-0.011461305,-0.000124845,0.000775987,0.00164981,-0.008961109,0.006289526,0.004400983,-4.73E-05,-0.001601852,-0.000261435,-0.007021214,-0.004486191,0.002036207,-0.003231134,-0.003150161,-0.00621281,-0.00260631,-0.003390249,-0.00183799,0.001878097,-0.002315419,0.002442218,-0.002597084,0.00177711,0.002146216,0.002777929,0.002981554,0.000115695,0.000752765,-0.000516332,-0.002447784,-0.002084922,0.002046061,-0.001292396,0.00047033,0.001522566,-0.000547156,-0.000912512,-0.000482417,-0.002604708,3.57E-05,0.00097543,-0.000296366,0.000742428,-0.000237829,-0.000552037,0.000762678,-0.00057784,-0.000165272,-0.000923573,-0.000218366,0.000137043,-4.41E-05,0.000235398,8.50E-05,-1.23E-05,0.000327835,-0.000127566,-0.000206799,-0.000254139,-0.000203879,3.59E-05,-4.99E-05,2.55E-05,-0.000123097,-4.71E-05,4.30E-05,-3.94E-05,6.84E-05,-5.20E-05,3.95E-05,-1.53E-05,9.03E-06,7.26E-17
CA230341,CA230341,C06213,Tuza,no,Museo del Oro,Pupiales,compra a R.P. Adolfo  Filippi,,geometric exterior,-0.24237001,0.03906558,0.059600509,0.000321942,0.00928395,0.003924907,0.001176208,-0.021766002,0.006578998,-0.009419402,0.006590569,0.006421134,0.003188273,-0.009861962,0.001233119,0.000713504,0.001457658,-0.000128621,-0.000859839,0.000463026,0.002848694,-0.000183074,0.003782376,-9.54E-05,-0.004811297,0.000156204,0.001377666,0.00077915,0.000872708,-0.002187519,0.00139473,-0.002131718,-0.001518484,0.000566477,-8.28E-06,-0.002526083,-0.002109587,0.001005011,-0.000604887,0.000779082,-0.000979081,-0.002945167,0.000362379,0.001017519,-0.001209745,0.000710643,-0.000823571,-0.001467341,-0.000902685,-0.000883279,-2.85E-05,-0.000150773,-0.000686925,5.24E-05,-0.000220025,0.000492996,0.000726206,-0.000773042,0.000848725,-0.000114321,-2.73E-05,0.000255681,0.000676477,0.000195458,0.000575944,-0.000175271,-0.000650571,0.00031728,8.64E-05,0.000363291,-2.12E-05,0.000287546,-6.64E-06,0.000167988,0.000429529,-7.68E-06,-2.46E-05,0.000401459,-0.00015033,3.78E-05,0.000338156,1.85E-05,-0.000124735,1.18E-05,-1.30E-16
CA230343,CA230343,C05533,Tuza,no,Museo del Oro,Nariño,Compra a Ángel Peña,,hatched interior,-0.213950731,0.021556117,0.031732242,-0.011661899,0.011422849,-0.003103397,-0.015150756,-0.000981489,-0.002924352,-0.011391774,-0.001401826,-0.007911608,-0.00308793,-0.001033228,-0.000818163,-0.005630217,-0.001688661,-0.005418626,-0.001306996,-0.001145033,-0.001953851,-0.002437653,0.001940851,0.003740615,-0.004667955,0.000962803,0.004568005,0.001547782,-0.001092589,-0.001113036,7.96E-05,0.000961884,0.00053194,0.001571794,-0.000332648,0.001972096,-6.01E-05,0.001188904,-0.000834545,0.002014742,0.000892051,0.000683139,-0.000554945,3.83E-05,-0.001088674,0.00172467,-0.000716057,-0.000275342,0.000907764,-0.000697377,7.61E-05,-0.001975996,0.000555134,0.000259026,-8.89E-06,8.67E-05,-0.001062013,-0.00104752,-0.000843647,3.33E-05,0.00047214,-0.000222548,5.52E-05,0.000464694,-1.80E-05,-0.000272161,0.000477408,-0.000129339,0.000143086,-0.000140003,-0.000400657,-0.00024768,-0.000207761,0.000117637,0.000187045,0.000398716,0.000179466,-2.24E-05,-0.000117756,-0.000344163,-8.31E-06,9.12E-05,0.000139433,0.000225981,-3.23E-17
CA230344,CA230344,C05531,Tuza,no,Museo del Oro,Nariño,Compra a Ángel Peña,,burnished on top of red paint,-0.199702065,0.021788923,0.025503736,-0.003419704,0.007611015,-0.021433091,-0.00371288,-0.002958337,-0.006157304,-0.013972077,-0.002844064,0.002769611,-0.001003724,0.005939773,9.66E-05,-0.005872703,-0.002365311,-0.002449328,0.000942752,-0.004145175,-0.000473785,-0.000835697,0.005180697,0.000942355,-0.000228554,-0.000468397,-0.002069736,0.002506527,0.00105314,0.000586551,-0.001850082,0.00212435,0.001048313,-0.000395,-0.001618517,0.001436144,-0.003269693,0.000998172,0.00127013,-0.000324184,-0.001400369,-0.001251371,-4.04E-05,0.000617864,0.00125292,-5.85E-05,0.001136872,0.000105415,0.000253361,0.001131027,0.000967723,0.000559749,-0.00041277,-0.000249126,0.000126583,0.000274053,-0.000374435,0.000159921,0.000509072,-0.00085875,-8.91E-05,-0.000363971,-9.57E-05,0.000103371,-0.000466528,-0.0006149,-0.000578403,0.000364454,0.000133092,-0.000928587,1.52E-05,-0.000103674,-0.000160581,0.0002824,0.000156496,0.000169619,-0.000134511,0.000225901,7.13E-05,0.000329601,-0.000105723,-9.53E-05,0.000261505,-3.23E-06,-2.02E-17
CA230345,CA230345,C14001,Tuza,no,Museo del Oro,Colombia,Herederos del legado Ramos-Esteban /Rodrigo Lozano (apoderado),,lightening bolt - burnished on top of red paint,-0.219277669,0.043996368,0.027996939,0.003299173,0.002860069,-0.012458196,0.007495246,-0.008401747,-0.001839245,-0.008305038,-0.001917472,0.004874586,0.003694498,0.001278387,-0.002597564,-0.002208009,0.00281827,-0.000725462,0.000664945,-0.001644234,0.00324593,-0.00445689,0.00083322,-0.004660315,0.005193369,0.001524231,-0.001401531,0.000807326,0.004243385,0.000712428,0.002424955,-0.000617599,0.001673562,0.001911412,-0.002425653,0.000692861,-0.000150024,0.001626224,0.001087631,-0.00063663,-0.001741387,0.00038234,0.000191736,-0.000112276,-0.00067118,-0.000436937,0.001282362,-0.001550497,0.000524855,-0.000333929,0.000962687,-0.000694901,0.001537878,-0.000976263,0.000531983,-0.000298148,-0.0007038,-0.000776954,0.000457248,9.66E-05,0.000432803,0.000369537,-0.000148351,-0.000120955,-0.000145071,-0.00049657,0.000218431,-0.000315478,-0.000307085,-0.000163424,1.16E-05,-3.79E-06,0.000540605,-0.000269042,0.000483489,5.15E-05,-0.000180433,-0.00019484,-0.000121422,-1.68E-05,-0.000224202,-4.50E-05,-0.000271969,-6.79E-05,-1.18E-16
CA230347,CA230347,C13752,Piartal,no,Museo del Oro,Nariño,tenencia a María Victoria Uribe,,geometric - very worn with pitting,-0.219437718,0.03840343,-0.017232628,-0.003068012,-0.013294835,0.033930469,-0.022815388,0.015146526,0.002361766,0.004681062,-0.004870283,-0.014726324,-0.01035023,0.007103043,0.000403313,0.002363785,-0.001971643,0.003418331,-0.003205502,0.001910475,0.004189382,-0.00183555,0.001489362,-0.000622657,0.003813566,-0.000224962,0.000543334,-0.001756831,-0.000924488,0.002414573,0.000818881,-0.001348679,0.00031265,-0.002471539,0.00133992,-0.001803541,0.000385827,-0.000673991,9.68E-05,-0.001756289,0.000420825,6.75E-05,-0.001641625,0.001046461,0.000361908,-0.000855288,-0.000813167,0.000177284,-0.000346381,1.88E-05,-0.000267635,0.001182567,0.001274952,0.000873433,-0.000132124,5.53E-05,-0.000969392,0.000219677,0.000712846,-0.000519604,0.000687344,9.94E-05,0.000481041,1.79E-05,-0.000423518,-0.000351419,3.66E-05,-6.40E-05,-0.00053698,5.82E-05,0.00018469,0.000395026,-0.000309595,-0.000197651,-0.000183378,0.000176654,0.000193671,0.000336547,-9.62E-06,-8.37E-06,-6.30E-05,-0.000278656,-0.000120261,0.000204457,-1.08E-16
CA230348,CA230348,C04870,Capulí,no,Museo del Oro,Colombia,compra a Camilo Orbes,,circle motif,0.251708889,-0.026246819,0.001561334,0.054338216,-0.027599258,-0.004505065,-0.011945647,-0.033242311,-0.012255649,-0.001457992,0.017401686,0.002009215,-0.008343322,-0.00584875,-0.007648536,-0.008336767,0.006845845,0.003702536,0.007845395,-0.00130291,0.001120975,0.001715166,0.003426185,0.006548816,0.00598791,0.000849218,-0.001995298,-0.000105111,0.001358534,0.004137489,0.005480879,-0.007378736,0.001698173,0.005839788,-0.002522691,-0.000328557,0.000195029,-0.002938689,0.001309225,0.000330955,-0.001643995,0.001242241,-0.001200006,-0.000735928,0.001123369,0.000757176,-0.000168573,0.001280715,0.000396481,-0.000178625,-0.000478727,-0.000160602,0.000303222,0.000630748,-0.00102912,0.000731028,-6.56E-05,0.000404499,0.00050233,0.000277523,5.84E-05,-0.000262129,0.000221426,-0.000402665,-0.00011424,2.70E-05,-0.000358717,-0.000135288,7.17E-05,9.63E-05,-4.84E-05,-3.35E-05,-8.59E-05,0.000194321,-0.000119582,8.58E-05,-1.65E-05,5.26E-06,4.57E-05,-9.05E-05,8.58E-06,6.37E-05,2.96E-05,-3.77E-06,2.13E-18
CA230349,CA230349,C05539,Capulí,no,Museo del Oro,Nariño,Compra a Ángel Peña,,circle motif,-0.183783302,-0.020796066,0.022946039,0.005363714,0.013033835,0.031969639,0.018306893,0.018937665,-0.001003607,0.017118169,-0.003689078,0.003915134,-0.001338286,0.006003285,-0.002851567,0.003724707,0.002468529,0.001626779,0.001511865,-0.002923559,-0.001282473,-0.001986961,0.000502792,0.006991874,-0.00051824,-0.00402756,0.002431568,-0.001498617,-0.001911931,-0.001479583,-0.001593945,-0.001393116,-0.001986305,0.003510661,-0.001440946,0.001313763,-0.000629466,0.000937759,-0.000443969,-0.001447501,-0.000295406,3.81E-05,0.000344065,-0.002446122,0.000460721,0.001027234,0.000585045,0.000114947,0.001385036,0.00032853,6.39E-06,-0.000319358,0.000394455,0.000844526,0.001105619,-0.001110896,-0.000525622,0.000502561,-0.000964637,0.00054772,-0.00051842,0.000284842,0.000186027,0.000500286,0.000557091,-0.000200248,-0.00043908,0.000127095,-0.000463447,-0.000204811,0.000526277,0.000293453,0.000137572,1.63E-05,0.000185213,1.08E-05,0.000240575,0.000280315,0.000373687,-7.64E-05,-1.47E-05,9.21E-05,-2.04E-05,-7.87E-05,-7.04E-17
CA230350,CA230350,C09908,Capulí,no,Museo del Oro,Nariño,Compra a Guillermo Cano Mejía,,circle motif w/ geometric,0.173073689,-0.095893241,0.078064735,0.002825013,-0.077346295,-0.010092987,0.014657207,0.013994685,0.008052363,-0.006780092,0.011139741,-0.006869671,0.000673685,-0.006859673,0.002882631,0.004636949,0.007414329,-0.003767594,-0.006854993,-0.003814947,-0.001251276,-0.010543743,0.000862443,0.007066584,0.00211006,0.005414759,-0.002259111,-0.002621176,-0.002587543,-0.00017361,0.001736694,-0.000761335,0.000560481,0.001435319,0.00509097,-0.000798684,-0.002780805,-0.002823404,-0.001188425,0.00232265,0.002374939,-0.001230293,0.001456287,-9.70E-05,0.000287205,-0.000604778,-0.000578765,-0.000857459,8.81E-08,0.001719809,0.001229356,-0.000111096,-0.000241064,-0.000382825,2.58E-05,-0.00118853,0.000280283,-0.000107133,0.000246538,0.000166455,0.000281633,7.64E-05,-4.81E-06,0.000265746,-0.000434444,-0.000364052,0.000265653,3.32E-05,-4.05E-05,-1.41E-05,0.000172815,-0.000116294,5.41E-05,-4.66E-05,3.84E-06,-2.95E-05,-3.63E-05,-2.41E-05,4.72E-05,-7.15E-06,3.01E-05,-6.45E-06,-8.82E-07,-1.65E-05,1.10E-16
CA230352,CA230352,C03989,Piartal,no,Museo del Oro,Pupiales,compra a Camilo Orbes,,very shiny with 4 pointed triangular decoration,-0.051350622,-0.069612891,-0.086427542,-0.020575276,0.037291478,-0.018953768,-0.034009253,0.00758823,0.012822496,-0.015304866,0.008592492,0.004961684,0.00022739,-0.0113733,-0.003925073,-0.005348159,-0.001113293,0.006380737,0.005599805,-0.008420763,-0.001982166,-0.003431897,-0.002394911,-0.007984467,-0.003950049,0.000457784,0.001525233,-0.003407515,0.000684761,-0.000698539,-0.000835163,-0.005045599,-0.002966533,-0.000341942,0.002837837,-0.002942506,0.000346735,0.000340376,0.001995158,-7.07E-05,0.001194698,-0.001046999,0.001332778,-0.00244378,-0.000261938,-0.000978981,-0.000451921,0.002165204,0.001372923,0.000131715,-0.000561028,0.000289709,-0.000350393,6.76E-07,-0.000349248,-0.000486938,-0.000932607,0.000455975,0.000313033,-0.0009914,4.62E-05,0.000140533,-0.000201058,-1.90E-06,0.000211294,-0.00032981,0.000133692,0.000245865,0.000358909,-0.000134625,-6.91E-05,5.54E-05,4.14E-05,-0.000271532,0.000268739,-9.81E-05,-8.77E-05,-0.00013459,8.98E-05,-0.000108576,4.50E-05,-6.85E-05,2.17E-05,7.22E-06,-8.15E-17
CA230353,CA230353,C06216,Tuza,no,Museo del Oro,Pupiales,Compra a Ángel Peña,,"geometric, mix of lines and dots on the interior",-0.214811411,0.021666641,0.055206019,-0.003899275,0.003649039,-0.015638558,-0.006149858,-0.007722032,-0.00463812,-0.004069424,-0.002165599,0.001616484,0.002262907,0.002579967,0.00070242,-0.005171872,-0.002563899,-0.000129816,-0.001123064,-0.00215743,0.000120386,-0.00417673,0.001865724,0.003203916,-0.003881409,-9.51E-06,0.003303646,0.001666494,0.00081877,-0.000282653,-0.001600699,0.000251725,-0.00021158,-0.00056579,-0.001974846,-0.000951955,-0.001125881,0.000351977,0.000270542,0.001146176,0.000598054,-0.001003365,0.000460666,-0.000490686,0.00130519,0.001401993,-0.000419501,-0.001144708,0.000547282,0.000340055,-0.000464431,0.000274049,0.000682585,-0.001016442,0.000224336,0.000257424,0.000733454,-4.48E-05,4.30E-06,-8.01E-05,-0.000697602,-6.31E-05,0.000582601,-0.000418662,-6.03E-06,0.000340255,2.86E-05,0.000609731,0.000361261,0.000187662,0.000132912,0.000289466,-0.000428115,-0.000556826,-0.000538104,0.000281536,-0.00022654,-5.65E-06,-2.57E-05,-0.000290319,-0.000222707,-0.000116215,-4.36E-05,-0.000181514,-1.85E-16
CA230354,CA230354,C05511,Tuza,no,Museo del Oro,Nariño,Compra a Ángel Peña,,hatched interior with birds,-0.216147335,0.022738777,0.049341218,0.008181528,0.0094575,0.001922773,0.028611048,-0.006930937,-0.001097322,-0.005903494,-0.002026304,0.016557864,0.006899424,-0.005240957,-0.000996763,-0.000421288,0.006743911,0.00142242,0.002204414,-0.000565576,0.001725494,0.000893185,-0.002061067,-0.003002605,0.000485995,0.001692605,0.001895798,-0.000492971,0.001010533,-0.000845267,0.002104755,-0.001064832,-0.000950958,-0.000752334,0.002213104,0.001861707,-0.000440178,0.00099032,0.000202415,2.31E-05,-0.000777412,0.001692182,-0.000218263,-0.000231309,0.000739914,-4.81E-05,0.001813506,0.00048248,0.000467582,0.000156611,1.54E-05,-0.000438513,-0.000787705,0.000153369,-0.000653186,-0.001561017,0.000130356,0.000943185,-0.000220224,0.000619806,9.37E-05,0.000627093,0.000555716,0.000180851,0.00035774,0.000466081,1.19E-05,-0.000388371,0.00024871,0.000326678,-0.000154382,-0.000272499,3.17E-05,-0.000507236,-0.000210662,0.000554431,-1.24E-05,0.000103587,-0.000128125,0.000346565,5.41E-05,-0.000105314,6.47E-05,0.000110048,-1.27E-17
CA230355,CA230355,459,Capulí,yes,El Porvenir - Site 137,Site 137 - Porvenir,Deslizamiento,137 LS 10,spiraling triangle,0.301193867,-0.131335924,0.036125722,-0.042687462,-0.007581147,0.021564107,0.005512287,0.012858762,0.018629999,-0.01876776,-0.005045831,-0.004556069,0.009090064,0.014972296,0.007131478,0.00477822,0.004202119,0.007626238,-0.000853366,0.013738986,0.004658577,-0.006032623,-0.003803117,-0.004449947,0.002137267,-0.00089364,-0.001883378,0.001080972,0.000232655,-0.003912267,0.001735042,0.003778928,0.00219102,0.001986471,-0.004130508,-0.00263479,-0.001214844,-0.001300968,0.0022958,-0.001186451,-0.000258095,-0.001197578,-0.000342418,-0.001985727,0.00035556,-0.000257117,0.000142892,-0.000599692,0.000319444,0.000887395,-0.000268769,-0.00153675,-0.000524368,0.000356609,-0.001426306,0.000633429,-0.000259206,-0.000120881,-0.000674411,-0.000846744,-7.69E-05,-0.00048225,-8.77E-05,-2.20E-07,0.000193364,0.000529269,4.56E-05,-5.55E-05,5.05E-05,0.000203938,0.000113694,6.79E-05,-2.09E-06,2.57E-05,7.94E-05,8.98E-05,3.62E-05,1.90E-05,-3.03E-05,1.78E-05,7.75E-06,-4.69E-05,2.30E-05,2.59E-05,1.84E-16
CA230356,CA230356,30,Piartal,yes,Catambuco - Site 8,Site 8 - Catambuco,Monitoreo,8 M 3,geometric interior with triangles,-0.125162036,0.006960988,-0.0757142,-0.012628836,-0.037715908,-2.81E-05,-0.020759458,0.006834115,-0.001705342,0.008407547,-0.009281062,0.016303683,-0.00041241,-0.003609949,0.00303933,0.010494999,0.016559155,0.00246579,-0.006742745,0.005370348,-0.004395804,0.007753409,0.004469817,-0.00101731,-0.001027979,-0.001275348,-0.002324513,-0.000591926,-0.001169762,-0.000941342,-0.000390142,-0.00018412,-0.000595978,0.000999976,-0.000227965,0.001439689,-7.08E-05,0.002597486,0.000589652,0.003396823,0.000513891,0.0004389,-0.0006231,0.000306534,0.001492241,-0.00153649,0.000211134,-0.000648906,0.002042572,-0.000374205,5.28E-06,0.001622638,0.00093053,-0.000312186,-0.001129243,0.000788956,-0.000951776,-0.001275438,-0.000134393,0.00041847,-0.000327188,0.000252581,-0.000572665,-0.000421493,0.000193646,0.000205515,0.000173346,0.000439625,0.000142869,7.44E-05,0.000146427,-0.000219419,-1.79E-05,-0.000179005,6.06E-05,-0.00011938,7.95E-05,0.000197961,-5.00E-06,5.04E-05,3.61E-05,3.71E-05,3.12E-05,3.58E-06,5.48E-17
CA230357,CA230357,22,Piartal,yes,Catambuco - Site 8,Site 8 - Catambuco,Corte 3,,geometric interior,-0.226085844,0.062766634,-0.040056929,0.015387792,0.002235666,0.053309282,0.005270435,0.008890569,-0.022194607,-0.009259382,0.009078831,0.00684006,0.003106204,0.004049574,0.002750068,-0.004669267,-0.004979179,0.005650608,0.00573416,-0.012753126,-0.004461584,-0.000520875,-0.001444299,-9.52E-05,-0.00171308,0.006299584,0.000570846,0.001967617,-0.001407647,-4.47E-05,0.001899285,0.004273101,-0.001042638,-0.002275418,-0.00075038,0.001050509,-0.001695666,-0.001811878,0.000457955,0.000845916,0.000101078,-0.000431659,-0.001142469,-0.001845878,0.001271828,5.88E-05,0.001041391,0.0007552,-0.00144428,-0.000161113,0.000403832,0.000546079,-0.000444438,-0.002092496,-0.001236691,-0.00028546,-0.00085497,-0.000295337,5.88E-06,0.0007208,-0.000231565,-0.000453258,-2.56E-06,0.000469186,-0.000237555,0.000344361,-0.000269535,7.86E-05,-0.000215546,0.000395445,-0.000142916,-9.84E-05,1.72E-05,0.000152646,8.60E-05,-0.000313923,0.000118066,4.24E-05,-3.86E-05,-0.000111227,-4.10E-05,-3.84E-05,-6.13E-05,2.56E-05,-1.34E-16
CA230358,CA230358,462,Capulí,yes,El Porvenir - Site 137,Site 137 - Porvenir,Deslizamiento,137 LS 10,"diamond upper, dots on the base, plastic monkey on exterior",0.389692889,-0.067884651,0.035648727,0.033299007,-0.00289837,0.026747883,0.006396305,0.007408296,0.03050585,-0.007334146,-0.018978665,-0.015329338,-0.011382779,0.009091836,0.011112806,0.000770753,0.004156197,0.001454999,-0.000121753,-0.002289135,-0.00226389,0.0020637,-0.00563196,-0.005063256,-0.006837106,0.008264641,0.002761734,0.004153677,-0.003650606,0.001929252,0.000239864,-0.005861834,0.000559579,-0.001215825,-0.004367339,-0.000604008,0.001000746,0.00135964,-0.00192427,0.00224639,-0.001238165,0.002133592,0.001688174,0.000314857,-0.000484195,-6.88E-05,0.000748108,0.000551619,-0.000101725,-0.000688479,0.000437038,0.000156318,-0.00077849,0.000360337,0.00049248,-0.000158407,0.00033897,-6.72E-05,0.000958089,0.000880073,-5.36E-05,-0.000385633,-0.000372938,1.94E-05,-0.000148492,-0.000164031,-0.000140646,-2.78E-05,0.000157669,-0.000253536,5.19E-05,0.000158125,-5.45E-05,-9.36E-05,3.58E-05,-1.09E-05,3.90E-05,7.36E-05,-2.60E-05,-7.77E-08,-5.76E-05,-3.85E-05,1.22E-05,-2.41E-05,1.73E-16
CA230359,CA230359,457,Capulí,yes,El Porvenir - Site 137,Site 137 - Porvenir,Deslizamiento,137 LS 10,human depicted,0.296415387,-0.067559624,0.011030877,-0.208957913,0.017269622,0.01688561,-0.000142297,0.027993614,-0.010909672,-0.004115285,0.017191111,0.025906578,0.013910827,0.004282441,0.0026008,-0.006325153,-0.014804584,0.005406446,-0.014239149,0.001885742,0.004367698,0.003189848,0.000249493,0.003979365,0.001767701,0.001922144,0.002198207,0.002241231,0.004165286,0.002693761,0.002323808,-0.002912803,0.001310466,0.001579133,0.001384058,0.000323261,0.000184,0.000855295,-0.000934874,0.000389214,-0.001119272,0.001317582,0.000183606,0.000370341,-0.000354241,-0.000192161,-0.000198243,-0.000324304,-0.00038875,-0.000414423,-0.000516765,0.00040907,-0.000268559,0.000298198,0.000276318,-0.000202149,-0.000126368,0.000165155,0.000259039,0.00031723,-0.000226901,-2.99E-05,-0.00015426,-8.23E-05,-0.000150435,-0.000179348,-2.15E-05,0.000195594,1.60E-05,-9.88E-05,-2.33E-05,-0.000120604,-2.68E-05,2.05E-06,-8.10E-05,-5.98E-05,6.26E-06,3.48E-05,-3.40E-05,-1.76E-05,-1.30E-07,3.81E-05,-1.77E-06,-3.21E-06,1.01E-16
CA230360,CA230360,28,Piartal,yes,Catambuco - Site 8,Site 8 - Catambuco,Monitoreo,8 M 3,pasto star,-0.019376768,-0.023432409,-0.147579297,0.006667267,-0.013044479,0.012347936,-0.004543887,-0.024725613,0.002248355,0.012186056,-0.00013711,-0.004173954,0.012606502,-0.017777955,0.009302943,-0.004808384,-0.001956894,-0.003334405,-0.00044904,0.00257506,0.005658855,-0.007111974,-0.004473383,0.001826326,0.001790837,-0.002637607,0.003722424,-0.000266524,-0.000719977,0.002461126,6.55E-05,0.00347015,-0.003041327,0.003683634,-0.001913511,0.000410087,-0.000562099,0.00102394,-0.00029355,-0.000294734,0.003317928,0.002402923,0.002222687,0.001992941,-0.001160438,0.001366266,0.001583111,9.11E-05,-0.001185741,0.000253118,-0.001054521,-0.000255129,-0.000884264,-0.000574843,-0.000315214,0.00084412,-0.000769165,-3.07E-05,0.000878932,-0.000139726,0.000173893,-9.45E-05,-0.000309766,0.00013399,5.81E-05,7.17E-05,4.07E-05,0.000227554,-0.000256045,-2.75E-05,2.06E-05,-4.53E-05,0.000212455,-0.000136322,-0.000106198,7.63E-05,-8.92E-05,0.000129642,0.000213276,4.83E-05,9.36E-06,-6.72E-05,1.58E-05,-1.35E-05,-1.91E-17
CA230361,CA230361,35,Piartal,yes,Catambuco - Site 8,Site 8 - Catambuco,Monitoreo,8 M 3,spiraling triangle on interior,-0.068187385,-0.039168676,-0.087482808,-0.004638665,-0.003272285,-0.003566631,-0.012545424,0.006432471,0.001499306,0.019283504,0.009157699,0.003945911,0.009950508,-0.001119354,0.000725758,0.004452544,0.003419328,0.000171024,0.007622094,-0.000955432,0.005512886,0.003981888,0.004648322,0.000376889,-0.003826843,0.002382817,0.002832248,-0.001017954,0.001390248,-0.001992102,-0.003374551,-0.000701757,0.003421372,-0.000341643,-0.0023698,-0.002159285,0.002931407,0.000462958,-0.000588491,-0.000809802,-0.000835165,-0.001924269,0.001052358,0.000368693,-0.00068661,-0.000325681,0.00139476,-0.00078681,-0.0015467,0.001609373,0.000524375,0.000171501,0.000588602,-8.88E-05,-0.00138184,-0.00083474,0.000650251,-2.48E-05,-0.000988067,0.000693646,3.43E-05,6.46E-05,-0.00038955,-0.000265379,-0.000206403,-0.000501111,-0.000169228,-0.000381991,-0.000313548,-0.000131616,-0.000268181,-9.52E-05,-0.000452105,-0.000137276,-2.01E-05,5.08E-05,-0.000376304,-7.24E-06,0.000212537,-8.39E-05,8.64E-05,8.13E-05,-2.30E-05,9.37E-05,-6.04E-17
CA230362,CA230362,45,Piartal,yes,Catambuco - Site 8,Site 8 - Catambuco,Monitoreo,8 M 3,geometric interior with ladder,-0.094881556,0.013369144,-0.126913352,0.028175435,-0.033831455,-0.009937929,0.01331836,-0.017746173,-0.014042438,0.006227066,0.004246004,-0.004642599,-0.001575115,-0.004245939,0.008637455,-0.001238019,-0.01043574,-0.003969696,-0.012119353,0.009304253,-0.00304764,0.004305173,5.46E-05,-0.002256748,0.003155243,0.001151705,-0.001099468,-0.000817243,0.00136412,-0.000357487,0.002849615,-0.003270619,-0.004037763,-0.001497933,-0.003447107,-0.001710075,-0.001453525,0.000255231,0.00014079,0.000916821,-0.001652571,-0.00395663,0.000595094,-0.001372562,-0.000849611,-0.000212081,0.002013957,0.000306029,0.00093785,-0.00033838,-0.000374878,0.000531624,-0.000313327,-0.000474198,0.000948634,-0.000322718,0.000257596,0.000393546,-0.00080204,8.62E-05,0.000363173,0.000134812,1.46E-05,0.00027706,-0.000177261,-0.000210775,0.000499791,-0.000299706,-0.00022285,0.000212383,-0.000119365,0.000194619,-6.58E-05,0.00017637,-0.000110442,6.94E-05,0.000188443,-9.54E-05,-7.58E-05,-4.22E-05,5.37E-06,-7.08E-05,0.000122669,-3.20E-05,-1.19E-16
CA230363,CA230363,437,Capulí,yes,El Porvenir - Site 137,Site 137 - Porvenir,Deslizamiento,137 LS 7,heavily worn,0.32959131,-0.050271965,0.026683014,-0.018981673,-0.023293677,0.018936895,0.01020186,-0.008389177,0.034988313,-0.005456742,-0.016737126,0.002320225,-0.024839252,-0.008985826,0.004829361,-0.008755703,-0.005966733,0.000918169,0.009753763,0.006043637,0.001575861,0.003423033,0.010441351,0.000653119,0.000729162,0.006467142,0.002573218,-0.000911617,0.008197316,0.005763017,-0.003274235,0.000968077,-0.001162852,-0.001890712,0.001159748,0.004952471,-0.001773003,0.000410481,0.000917089,-0.00123866,0.001651521,-0.001893878,-0.001195804,-0.000323887,-0.000453346,-6.70E-05,-0.000236285,-0.000169133,-0.00031029,-0.000125028,-0.000637571,4.40E-06,0.000379456,-0.000128329,-0.000395836,-0.000170708,-9.37E-05,8.26E-05,-0.00040154,5.11E-05,3.04E-05,0.000281879,-0.000126566,-9.25E-06,0.000419558,0.000126095,0.000179329,0.00010418,-0.000104653,-2.09E-05,9.53E-05,1.64E-05,0.000116564,7.04E-05,-7.53E-05,-3.48E-05,-5.52E-05,-3.25E-05,2.68E-05,-4.01E-06,9.47E-06,6.82E-05,-5.99E-06,-1.91E-05,1.31E-16
CA230364,CA230364,61,Piartal,yes,Catambuco - Site 8,Site 8 - Catambuco,Corte 3,,geometric interior with ladder,-0.091002819,-0.019495138,-0.10922268,0.002389064,-0.014686549,0.007372098,-0.005518979,-0.00018026,-0.001948768,0.02202408,0.000757089,-0.001450079,0.00351484,0.000872329,0.005235163,0.00135651,0.005114028,-0.004415879,0.002565948,0.002065754,-0.000830478,0.002142962,0.004195953,-0.002339093,-0.000832935,-0.000889217,0.001410233,0.001447259,0.00113275,-0.00218624,-0.000776265,0.001000473,0.005410778,0.000930465,0.001341995,0.002190892,-0.0019573,-4.80E-05,8.46E-05,0.00077678,-0.000677549,0.00159679,9.04E-06,-0.001002751,-0.000988859,0.001081695,9.99E-05,0.001426768,0.000478174,0.000279047,-0.001184543,-0.001410491,-6.00E-05,-0.000451238,0.000475922,-0.00089538,0.001055854,0.00077311,-2.14E-05,-0.00088398,0.000121982,0.000886691,-0.000227904,7.15E-05,-0.000844968,0.000216123,-0.000116761,0.000230503,0.000622564,-0.000122464,4.27E-05,0.0001915,1.68E-05,0.000188883,1.48E-05,-0.000312579,3.82E-05,0.000286109,-0.000287927,-6.95E-05,-5.95E-05,-5.82E-05,-0.000117013,3.85E-05,7.24E-18
CA230365,CA230365,266,Capulí,yes,El Porvenir - Site 137,Site 137 - Porvenir,Corte 7,137 C7 1,diamond upper,0.331065305,-0.060472829,0.033971738,0.163688242,0.032203606,-0.002835516,-0.014888642,0.012603873,-0.01924907,-0.00139032,0.01751879,-0.003613246,0.000333378,-0.0041927,-0.002937591,-0.006411767,0.005022712,0.020983226,-0.013271053,0.002212238,0.003441037,-0.000733625,-0.004755197,-0.000163844,0.003076876,4.67E-05,0.001320571,0.000929069,0.004824227,0.003331254,-0.008418935,0.002914168,0.000360762,0.000757893,9.34E-05,0.001477816,-0.001115859,0.001027595,-0.002207471,9.04E-05,-0.001155874,-0.000126295,0.000762891,-0.000596534,5.08E-05,3.14E-06,-0.000720347,-0.000100745,-0.000123999,1.01E-05,0.000355101,8.25E-05,-0.000370843,0.00018886,6.57E-05,9.13E-05,-1.53E-05,-0.000355672,-0.000141817,4.65E-05,0.000107935,0.000397432,-0.000105907,2.62E-05,-2.31E-05,-0.000139725,8.84E-05,-5.16E-05,3.16E-05,7.88E-05,-3.58E-05,-1.10E-05,-1.10E-05,9.64E-06,-7.17E-05,-3.27E-05,1.85E-05,1.55E-05,-8.09E-05,7.03E-06,4.52E-05,-2.89E-05,-1.28E-07,1.19E-05,1.78E-16
CA230366,CA230366,262,Capulí,yes,El Porvenir - Site 137,Site 137 - Porvenir,Corte 7,137 C7 1,diamond upper,0.320272492,-0.027737872,0.004493801,0.002740673,-0.012901952,0.010391806,-0.008506686,-0.025207434,-0.006898906,-0.007249538,0.010719255,0.005248912,-0.006191295,0.001904059,-0.002851434,-0.008986396,0.001259441,0.001658913,-0.000533354,-0.000106128,-0.006081747,-0.001659018,0.006704253,0.00313901,-0.0009277,0.002218218,-0.003100582,0.001295196,0.004924314,-0.010701009,0.002209172,0.000849127,-0.002514484,-0.002162087,-0.001103102,-0.000798369,0.002706237,0.000192843,-0.002836259,-0.00209712,-0.00079323,0.002932419,0.000397751,0.002660335,0.000280256,-0.001196009,-0.000636788,0.001412029,0.000308102,0.00033011,0.000794287,0.000166031,-0.000499453,-0.000422916,-0.000392685,-0.000467093,0.000193094,-0.000448776,-0.000585079,-0.000566019,0.000363008,0.000198766,-0.000139126,0.00042856,0.0002991,0.000248205,0.000319317,0.000275237,-0.000181206,-0.000135733,0.000230938,0.00039992,7.38E-05,2.10E-05,1.37E-06,3.65E-05,-6.19E-05,4.25E-05,3.41E-05,-5.03E-05,-4.66E-05,-9.77E-06,2.19E-05,-2.75E-05,1.26E-16
CA230369,CA230369,21,Piartal,yes,Catambuco - Site 8,Site 8 - Catambuco,Corte 3,,swastika,-0.043027901,-0.034769901,-0.054736419,0.036765589,-0.011541227,0.009135102,0.035680602,0.010499033,-0.011280326,-0.000948836,-0.003196024,-0.025516993,0.008392206,-0.001698453,-0.010369336,0.00572059,-0.011060567,0.001965248,0.004703343,0.003254206,-0.002700934,-0.002754325,0.002266198,0.002980885,-0.003232861,-0.001519034,0.001835265,0.005864427,0.002075083,0.003667091,0.002352927,-0.001191395,-0.000703838,-0.002020104,0.000425145,-0.003797895,-0.002640994,0.001596113,-0.000971505,-0.001618079,0.000293833,0.001052353,0.000717766,0.000890521,0.003480471,-0.002378098,0.000334743,0.000139062,0.000350241,-0.000202485,-0.001001313,-0.00105186,0.000353645,-0.000357669,0.00070958,0.000108613,-0.00020174,-0.000444972,-6.71E-05,-0.000155,-0.00047705,0.000356138,7.90E-06,-0.000505922,-7.42E-05,0.000108929,0.000174208,-3.10E-05,0.000293078,-5.07E-05,9.92E-05,-0.00021355,-0.000162026,6.26E-06,0.000154113,-6.57E-06,-9.44E-05,-4.18E-05,4.12E-05,4.85E-05,0.000100414,0.000196688,-5.96E-05,7.50E-05,-2.57E-17
CA230370,CA230370,32,Piartal,yes,Catambuco - Site 8,Site 8 - Catambuco,Monitoreo,8 M 3,simple cross with two dots,-0.115093061,0.012201667,-0.066057104,0.004112401,-0.029741366,0.005594892,0.000139728,0.005681991,-0.014955446,-0.011199424,-0.025218886,-0.006295265,0.010390893,0.002369072,0.00055158,0.002753696,-0.001675345,0.006848971,0.006585967,0.002621253,-0.002971345,0.003477585,0.003168829,0.005111813,-0.004219238,-0.003327409,-0.000850287,0.00303093,-0.001243914,-0.002946702,-0.002046969,-0.002112224,-0.000850897,0.002025688,0.004193136,0.004420037,-0.001478429,-0.001660908,-0.000701881,-0.000642822,-0.003081638,0.001527033,0.000693403,-0.001165599,-0.000824941,-0.000563825,-0.000503425,-0.001799436,-0.001020781,0.000285564,-0.000345686,0.000405289,-0.000706557,0.000184343,-0.000283152,0.000784136,0.000537121,0.000709181,0.000518097,-0.000293863,-0.000166689,-0.000492434,5.38E-05,-0.000280123,0.000203145,-0.000312487,0.000601309,-0.000118747,-0.000241583,0.000151461,-0.000409304,0.000286269,3.02E-05,-0.000249536,0.000285447,-1.88E-07,4.05E-05,-0.000181531,6.44E-05,-4.42E-05,8.85E-06,-0.000126872,5.64E-05,-1.64E-05,-5.35E-17
CA230372,CA230372,365,Capulí - no paint,yes,El Porvenir - Site 137,Site 137 - Porvenir,Deslizamiento,137 LS 1,incision on rim,0.438493738,0.146682195,0.014848569,-0.008506502,-0.007705978,0.00193908,0.014453656,0.018412749,0.045327403,0.01187562,0.01385963,-0.023994299,0.029608476,0.005141391,0.004564792,-0.016296338,0.006287794,0.000759338,-0.002175085,-0.009271123,-0.013649859,0.007161576,0.002848987,0.000745328,0.007159657,-0.003161548,0.004204656,-0.001414135,0.001948306,-0.003139977,-0.000223583,0.00097908,1.29E-05,0.000477282,4.86E-05,-9.84E-05,0.001049686,5.52E-05,-8.71E-05,-0.000315054,0.00039374,-0.001015406,-0.001045928,-0.000477343,0.000803758,0.000271877,0.000598909,-0.000200485,6.88E-05,-0.000295329,0.000116708,-3.85E-05,-0.000226395,0.000108528,0.000391777,0.000697501,-2.43E-05,4.80E-05,0.000442582,-0.000106014,8.11E-05,0.000178082,0.000116078,-0.000383992,-1.36E-05,-0.000160319,4.63E-05,6.80E-05,-1.73E-06,0.000173195,-0.000160116,-8.05E-05,3.50E-06,-3.14E-05,5.49E-06,5.33E-05,2.12E-05,-3.60E-05,3.04E-05,3.09E-05,2.34E-05,-6.65E-07,6.53E-06,1.21E-05,7.44E-17
CA230373,CA230373,373,Capulí,yes,El Porvenir - Site 137,Site 137 - Porvenir,Deslizamiento,137 LS 1,diamond upper,0.387204713,0.016544274,0.016359247,-0.010571459,0.02547114,0.011211684,0.00363452,0.00293599,-0.004610433,0.011133939,-0.0360684,-0.005697481,-0.006080066,-0.024873284,-0.011031662,0.003743267,-0.00020997,-0.004416628,-0.006550873,-0.005300822,-0.005607313,-0.005154113,-0.000853156,0.001899834,0.00183475,0.002699362,0.002378526,-0.00311851,0.002941217,-0.00081335,0.000679517,0.005287032,0.000874779,0.001325811,0.003223422,-0.003213714,0.001807753,-0.001119054,0.002619424,0.002181876,-0.004732612,-0.000606293,0.001009678,0.000416415,-0.000197462,-0.000848478,0.001064703,-4.51E-05,-0.000683011,-0.00082805,-0.000422435,-0.000413294,3.81E-05,0.000607975,-0.000331535,0.000227206,-0.000303431,0.000100136,-0.000221783,0.000180228,0.000111984,-5.21E-05,-0.000136168,2.26E-05,-2.35E-05,0.000209578,-0.000193294,0.000139653,4.84E-05,-0.000139729,0.000160438,9.46E-05,-9.35E-05,0.000103701,-0.000106735,2.75E-05,-5.79E-06,8.80E-06,3.31E-05,-4.80E-05,-4.39E-05,-2.08E-05,4.68E-06,-1.26E-05,1.50E-16
CA230374,CA230374,345,Capulí,yes,El Porvenir - Site 137,Site 137 - Porvenir,Monitoreo,137 LS 1,diamond upper,0.472858561,0.129777042,-0.034446827,-0.060092465,0.066614286,-0.019387729,0.005299731,-0.012014889,-0.012883229,0.006540789,-0.004750652,-0.017408217,0.007257796,-0.006243169,0.013830078,0.004229022,0.009145166,0.006758881,0.008587227,0.003008496,0.009339904,-9.44E-05,0.002418188,0.011704308,0.004470046,0.003492619,-0.006683282,-0.001319065,-0.000700974,-0.000167095,-0.000693635,-0.000928647,-0.000878803,-0.005546439,-0.001364795,-0.001327393,-0.001835906,-0.00051771,0.001260777,0.002464264,0.000653761,0.001495072,0.000317538,-0.000964392,-0.000229559,0.000733092,-0.000494668,0.00017223,-0.000207693,0.000233355,0.000111993,0.000368081,-0.00015169,0.000559327,0.000767111,-0.000514525,-0.000104414,-0.000504768,-0.00037221,-0.000275067,-1.56E-05,1.09E-05,-6.82E-05,-4.77E-05,0.000124631,-4.13E-06,3.48E-05,-3.48E-05,-1.42E-05,1.61E-06,-1.81E-05,-8.23E-05,-3.10E-05,-6.36E-05,0.000122819,2.06E-06,5.37E-05,-2.82E-05,-2.91E-05,2.41E-05,8.93E-07,-2.70E-06,-2.17E-05,-6.13E-06,2.27E-16
CA230375,CA230375,350,Capulí - no paint,yes,El Porvenir - Site 137,Site 137 - Porvenir,Monitoreo,137 M 2,incision on rim,0.354838805,0.144410756,0.009743236,0.108413266,-0.023714274,-0.004279694,-0.027561236,0.048231832,0.020535453,-0.006199983,0.005511668,0.033745085,0.016432664,-0.004733584,-0.009863484,-0.006892125,-0.011256888,-0.012530468,0.001640873,0.006539355,0.005542821,0.001359508,0.002254879,0.000404051,-0.003328438,0.002145871,-0.007607581,-0.002215965,-0.004386566,0.002319364,-0.00060848,0.000347275,-0.000898456,-0.001915339,-0.001374165,-0.000502987,-0.000163849,-0.000684662,-0.000423369,0.000900885,-0.000821253,0.001423305,0.000251615,-0.000270061,0.000325332,-0.000108235,0.000524736,-0.000385758,-0.000309649,-0.000122711,-0.000741885,-0.001090147,-0.000130519,0.000667688,-2.49E-05,-0.000246131,-3.96E-05,-2.83E-05,-7.93E-05,-0.000378015,4.21E-05,-2.75E-05,-1.63E-05,2.94E-05,0.000122504,4.15E-05,3.42E-05,0.00024456,-7.45E-05,4.41E-05,7.17E-05,6.47E-05,2.82E-07,1.09E-05,2.05E-05,1.74E-05,2.83E-05,-1.74E-06,4.52E-05,-1.38E-05,-3.27E-05,-2.92E-06,-3.33E-05,-2.71E-06,1.15E-16
CA230376,CA230376,367,Capulí,yes,El Porvenir - Site 137,Site 137 - Porvenir,Deslizamiento,137 LS 1,"diamond upper, squiggle on base",0.425963266,0.149203248,-0.021388723,0.014593557,0.034400616,-0.009151635,-0.00350635,0.017054849,-0.003421974,0.007178584,-0.008351839,-0.000747376,0.016119732,-0.005574342,0.007024304,0.00788205,-0.002213202,0.000291114,0.002096539,0.009837365,-0.003936802,-0.015600183,0.003501305,-0.003855965,-0.002150033,0.002201226,0.0007223,-0.001968753,-0.000543895,0.002388124,0.003340355,-0.002086217,0.001291028,0.00206781,0.001415307,0.00209553,0.001479747,0.00131349,-0.002187893,-0.002750213,-0.000451081,-0.001627673,-0.000492659,0.000435764,1.41E-06,0.000970813,-0.00169308,0.001152498,0.001412364,0.000198833,0.000804732,0.001024988,0.000568516,-0.001402744,-0.000543841,0.000435506,0.00041872,0.000250035,0.000197599,0.000490911,-0.000505128,-0.000350697,-9.43E-05,0.000384135,-1.88E-05,0.000179099,-2.83E-07,-0.000472018,8.66E-05,-0.00012114,6.57E-05,7.34E-06,3.44E-05,7.57E-05,-3.74E-05,-1.74E-05,-4.44E-05,8.73E-05,-6.61E-05,2.97E-06,2.05E-05,3.92E-06,5.84E-05,-1.49E-06,2.16E-17
CA230377,CA230377,401,Capulí,yes,El Porvenir - Site 137,Site 137 - Porvenir,Deslizamiento,137 LS 4,"diamond upper, dots on base",0.392798015,0.045176247,-0.024571716,0.010670492,0.009122563,-0.014104235,-0.010248379,-0.039542167,0.013469394,-0.004736647,-0.001206729,0.012940749,-0.011965116,0.015985242,0.01001405,0.014316595,-0.008451748,-0.000633349,-0.007257878,-0.008361183,-0.002243905,-0.003651934,0.004312615,-0.000115711,0.001139189,-0.003521648,-0.004653149,-0.001424632,-0.001931333,0.001229664,-0.002618307,0.000666965,0.004265589,0.000701439,0.003688901,-0.001714769,-0.001362363,0.000910535,-0.001396643,-0.002030951,0.001048426,0.000788321,-6.24E-05,-0.001499136,4.62E-05,-0.000731192,0.001809413,0.000656169,0.000244418,-0.000121743,-0.001069186,-0.000115648,-0.00115256,-7.47E-05,6.69E-05,0.000349248,-0.00025724,-0.000798007,-0.000398383,0.001054459,0.000621901,-8.85E-05,0.00053726,-0.000494305,0.000107092,0.000150492,-0.000151717,5.41E-05,-7.89E-05,-9.72E-05,-0.000390171,0.000222152,-4.67E-05,-2.24E-05,6.23E-05,8.40E-05,-4.71E-05,-2.49E-06,7.43E-06,-3.89E-05,-1.58E-05,4.74E-05,-2.23E-05,-1.14E-05,3.30E-16
CA230378,CA230378,396,Capulí,yes,El Porvenir - Site 137,Site 137 - Porvenir,Deslizamiento,137 LS 4,Spiraling triangle,0.403234312,-0.014063629,0.045743485,0.114872348,0.021323081,-0.007720618,-0.022493029,0.006803736,-0.004103242,0.006243235,-0.002211882,0.01620025,-0.002624318,0.002722184,0.011040103,0.003807378,-0.003269887,-0.004587608,0.000672601,0.004935945,-0.00083011,0.003193061,-0.003733638,0.002473018,0.000561064,-0.001835622,0.009231947,0.007149708,0.000348931,-0.004936336,0.006944828,-0.000456352,-0.000181714,-0.000271771,0.001506655,-3.43E-05,-0.00190086,0.00081731,0.004115385,-0.00027225,0.001173034,3.44E-05,-0.001354988,0.000266663,-0.001366288,-0.001163741,-0.001203336,-0.000148617,-0.001109905,0.000893238,0.000478825,0.001098686,-9.27E-06,0.000280601,0.000840124,-1.75E-05,-0.000294747,0.000217446,-0.000547755,0.000290177,0.000289673,5.68E-06,0.000198336,-0.000189484,-0.000273799,-5.00E-05,-0.000167287,0.000245065,1.27E-05,-0.000147472,-0.000106301,-0.000183386,0.000143334,-0.000142266,-3.48E-05,-4.86E-05,-3.44E-05,-5.24E-05,8.20E-05,-1.97E-05,9.72E-06,5.99E-05,-2.01E-05,3.00E-06,2.54E-16
CA230379,CA230379,378,Capulí,yes,El Porvenir - Site 137,Site 137 - Porvenir,Deslizamiento,137 LS 3,diamond upper,0.391928608,-0.014876845,-0.00356444,-0.010024769,0.025939854,0.037706143,0.004650417,0.00743045,-0.029509747,0.001164354,-0.018697101,-0.010929671,0.006726161,-0.003367021,-0.010180129,0.000940423,0.005050637,-0.010983664,-0.011763748,-0.010941574,-0.003063988,0.00752563,0.005107998,-0.007404952,-0.002936428,-0.000708305,-0.005345864,0.0013435,-0.00014141,0.003097988,-0.001467265,-0.003619633,0.001518742,0.000807078,-0.003866159,0.000139241,-0.001336127,-0.001765271,0.001090056,-0.001106828,0.002205872,-0.000864764,-0.000228067,0.001353488,-0.000689026,0.000701304,-0.002031099,-0.000126967,-0.000152346,0.001900122,-0.000301098,-0.000279978,-0.00064847,-0.000408209,-0.000130001,-8.30E-05,-0.000191552,0.000334037,-0.000510181,1.92E-05,0.000287089,0.000154029,0.000225835,-2.05E-05,0.000321473,0.000105617,0.000146438,0.000158381,-7.66E-05,6.49E-05,-0.000104168,-2.12E-05,0.000246948,-0.000152535,2.78E-06,6.02E-05,-4.32E-05,-4.43E-05,-9.17E-06,4.73E-05,2.33E-05,-4.34E-07,-7.95E-06,8.19E-06,1.97E-16
CA230381,CA230381,455,Capulí,yes,El Porvenir - Site 137,Site 137 - Porvenir,Deslizamiento,137 LS 10,"incision on rim, diamond upper",0.323380144,-0.021463578,-0.003738061,-0.015906479,-0.009349226,0.00689357,-0.002197,-0.035613591,0.005903498,0.000398795,-0.002640287,0.005312667,-0.010113281,-0.001035464,-0.004540218,-0.002970814,-0.000108106,-0.005094556,-0.002652804,0.004950527,-0.005721868,-0.004521092,0.001554298,-0.004425433,-0.002693288,-0.002318274,-0.000951538,-0.001507003,-0.00077267,-0.001625469,-0.001259718,0.002098879,-0.000955053,-0.001172172,-0.00149459,-0.000154532,-6.69E-06,-9.05E-05,0.001273423,-0.001937735,-0.000683942,0.001497325,0.002102184,-0.001397114,0.001427995,0.001682037,-0.001491262,-0.000945845,0.000524452,-0.001012714,0.000645842,0.000756573,-0.000612655,0.000932256,0.00018499,-0.000651453,-9.70E-05,0.000295355,0.000174296,-0.000176991,-0.001143863,8.09E-05,0.00019449,6.57E-05,-0.000682701,-0.000622955,2.29E-05,9.46E-05,-0.000584797,0.000334324,-0.000411743,-0.000781354,-0.000166439,-4.18E-05,-9.50E-05,-0.000148986,7.31E-07,6.52E-05,-7.18E-05,2.06E-05,1.84E-05,2.55E-05,-9.88E-05,2.88E-05,7.22E-17
CA230382,CA230382,452,Capulí,yes,El Porvenir - Site 137,Site 137 - Porvenir,Deslizamiento,137 LS 10,spiraling triangle,0.289168826,-0.134207882,0.047098947,0.004575332,0.003821116,0.012114002,-0.002208969,-0.004492887,-0.032217725,-0.001204463,0.016144742,-0.006704892,0.012373217,0.002557613,0.001618449,-0.008189272,0.008997344,-0.00937257,0.007408899,0.006442117,-0.003346888,0.005630342,0.00822756,-0.002631846,-7.25E-05,-0.000303402,0.001376632,-0.00065219,-0.004625398,0.00527639,-0.000781998,0.002773561,-0.00110283,-0.000621646,0.00345308,-0.002448768,0.001307748,0.000926737,0.001225094,-0.002466595,0.00082571,0.000596159,0.00024181,-0.000831408,-0.001516299,-0.000407492,0.001123192,-0.002110168,0.000892644,-0.00173831,0.000741033,0.000604456,-0.000470281,-0.000113311,0.00018957,-0.000508345,6.05E-05,-0.00033645,0.000383154,7.04E-05,0.000262512,-0.000409743,-0.000279133,0.000214221,7.17E-05,0.000235715,-0.000350915,-0.000142507,0.000268841,-0.000130992,0.000214641,0.000270111,-0.000162993,-5.17E-06,2.67E-06,5.87E-05,0.000117067,-9.60E-05,-5.47E-05,-3.51E-05,-4.59E-05,-2.85E-05,1.47E-05,-1.30E-05,1.43E-16
CA230383,CA230383,356,Capulí - no paint,yes,El Porvenir - Site 137,Site 137 - Porvenir,Monitoreo,137 M 4,no dec,0.418500396,0.150611555,0.032028804,-0.055632772,-0.003459628,-0.045877104,0.024991901,0.032141676,-0.015442857,-0.002347981,0.005731295,-0.010028077,-0.032218416,-0.019815326,0.002173026,-0.006433666,0.006659369,-0.001791737,-0.001625801,-0.000591558,0.005864931,0.005560854,-0.008600875,-0.003866189,-0.004866261,-0.001388161,-0.002298794,0.004654812,-0.001172862,-0.003139458,0.001353016,0.001490598,-0.000562431,0.002681304,-0.000294753,0.001181838,-1.64E-05,-0.00026514,-0.001337771,-0.003015348,0.001802977,6.63E-05,-6.38E-06,-0.001390508,-4.64E-05,-0.001413834,0.001453892,-0.000634505,2.58E-05,-0.000203452,-0.00031341,-4.17E-05,0.000420472,-8.55E-05,-0.000529022,-0.000191029,0.000180406,7.79E-06,0.000367466,-0.00017246,-7.76E-05,3.49E-05,0.000111331,-0.000205304,-0.000148179,-4.60E-05,-4.24E-05,1.07E-05,-2.69E-05,5.63E-05,-6.35E-05,0.000110065,-0.00014926,0.000107138,-2.53E-05,-3.01E-05,-3.64E-05,0.000132632,2.31E-05,-8.39E-05,-1.28E-05,2.09E-05,2.39E-06,6.72E-06,1.73E-16
CA230386,CA230386,368,Capulí,yes,El Porvenir - Site 137,Site 137 - Porvenir,Deslizamiento,137 LS 1,"diamond upper, dots on base",0.428169902,0.009883431,-0.005949416,0.03610068,0.028635827,0.001743576,-0.01206099,-0.02940788,0.017686329,-0.001992506,-0.008216918,0.003533575,0.006483667,0.015772606,0.003809355,0.010705788,-0.005495917,0.002465447,-0.001808945,-0.011035448,0.006680208,0.010160969,-0.003846278,0.004656089,-0.001754418,-0.001429955,-0.001217294,0.003903289,-0.000902342,0.001267114,0.001410875,0.000609155,-0.002190476,0.002889355,0.00223107,0.000520274,0.000655489,-0.001229941,0.000297339,-0.000114271,0.000562701,-0.001252886,0.001731721,0.002112455,0.000562423,0.000318729,0.000491469,-0.000934667,0.001128297,-0.000952542,-7.11E-05,-0.000415382,0.001698492,-0.000781189,-0.001045428,-0.001050628,0.000150684,0.000427198,0.000120211,-0.001102744,-0.000389715,0.000148962,-0.00023649,0.000539419,3.37E-05,-0.000125357,0.000149867,-0.000322514,-3.38E-05,0.000196153,0.000371261,-0.000103317,-0.000157899,0.000194892,-6.15E-05,-4.76E-05,5.98E-05,-9.30E-05,-7.10E-05,2.25E-05,4.75E-06,-4.32E-05,1.60E-05,-8.23E-06,-4.91E-17
CA230387,CA230387,420,Capulí,yes,El Porvenir - Site 137,Site 137 - Porvenir,Deslizamiento,137 LS 5,diamond upper - decorated interior,0.277442374,0.032959561,0.005788456,-0.022265512,-0.048349122,0.028845132,0.007351623,-0.000827254,0.011419266,0.011179331,-0.007994226,0.007268677,-0.009305104,-0.005285318,-0.022565961,-0.008147546,-0.004926873,0.00656224,0.005476984,-0.000624212,0.007644375,0.003403438,-0.006280985,0.00565207,0.001687838,-0.01062246,0.000715644,7.52E-05,-0.001103232,-0.000133789,0.001703166,0.000746353,0.004394707,-0.002801078,-0.000393738,-0.001113156,-0.00030666,0.001985947,0.000541782,0.000637497,0.000820887,-0.001266654,0.0017749,-2.85E-05,-0.000908843,0.00101813,-0.001017886,0.000670244,0.001161186,-4.24E-05,0.000999956,0.000963501,-0.00098574,-0.001196873,0.000134354,8.84E-05,0.000148333,-0.000573871,-7.87E-05,0.000396635,8.90E-05,-0.00014547,-0.000175003,0.000269138,-2.20E-05,0.00014579,-2.34E-05,-0.000457534,0.00021866,-0.000124552,-0.000103515,0.000202616,-1.94E-05,-0.000158603,0.000145755,-7.98E-06,3.84E-05,-5.73E-05,-8.44E-05,3.96E-05,-1.90E-05,-6.58E-05,3.83E-05,1.60E-05,3.05E-16
CA230388,CA230388,416,Capulí,yes,El Porvenir - Site 137,Site 137 - Porvenir,Deslizamiento,137 LS 5,diamond upper,0.370973105,0.029609673,-0.029510424,-0.061626214,0.010298683,0.007382933,0.001953496,-0.046341284,-0.000627663,0.011461626,0.002055748,-0.001482341,0.015105407,0.009361758,-0.017976329,-0.00151509,0.005030473,-0.002245308,-0.00119081,0.008188769,0.002089308,-0.003594765,-0.008713681,-0.000567213,-0.007807801,0.000489473,0.001855453,-0.001005364,-0.0029804,0.000405908,-0.002537478,-0.000866653,-0.002840594,-0.000834891,0.000524916,0.003968443,-0.001323897,0.001165925,-4.76E-05,0.001391188,0.0001817,-0.001481651,-0.002985449,-8.41E-05,0.001194668,-0.002415547,0.000156045,0.000528998,-0.000308334,9.13E-05,0.000898475,-0.001043475,-5.58E-05,0.000663337,-0.000453839,0.000205651,0.000296677,-3.03E-05,0.00025971,0.000167095,0.000876231,0.000250782,0.000186931,0.000189392,-0.000453132,-0.000223179,-0.000302082,0.000137561,-2.14E-05,-2.91E-05,1.32E-05,0.000198494,5.54E-05,3.61E-05,-0.00013076,-6.29E-05,-2.56E-05,-0.000144272,0.000112896,-5.06E-05,-4.27E-05,2.28E-05,-3.94E-05,-2.75E-05,1.37E-16
CA230389,CA230389,445,Capulí,yes,El Porvenir - Site 137,Site 137 - Porvenir,Deslizamiento,137 LS 8,diamond upper,0.067545237,-0.085282544,0.033881642,0.009563099,-0.055228887,-0.043140148,0.018517395,0.01220755,-0.000846269,-0.010718225,0.01245619,-0.014349647,0.017646668,-0.010705033,0.000123018,0.022892991,-0.005775642,-0.003219164,-0.005727042,-0.011924782,0.008887002,-7.98E-05,0.003936996,0.001960078,-0.002256249,-0.000368499,0.002036435,-0.001272745,0.001975938,-0.00088525,-0.001205384,0.000802687,-0.001414051,-0.002750837,-0.002696131,0.00398037,0.001590169,0.001459287,0.002881389,-0.001211823,-7.05E-05,0.001041025,-0.000471313,-0.000315109,-0.000688034,-0.000210909,-0.000714038,0.001831362,0.000244763,-0.001535145,0.000571206,1.58E-05,-2.51E-06,0.000692746,-0.000346135,0.000590455,-1.39E-05,0.000110575,-0.000110775,7.18E-05,-0.000132603,-0.000219294,9.48E-05,0.000107413,4.43E-06,0.000120471,-0.000378993,-0.000153707,-5.09E-05,8.89E-05,-0.000132698,0.000133533,-3.13E-05,-1.92E-05,4.50E-06,-5.51E-05,2.95E-05,3.62E-05,-6.59E-05,-2.00E-05,-4.38E-05,-4.23E-05,-1.98E-05,-2.48E-05,5.79E-17
CA230390,CA230390,380,Capulí,yes,El Porvenir - Site 137,Site 137 - Porvenir,Deslizamiento,137 LS 2,diamond upper,0.338468762,0.033864529,0.005672142,-0.024357358,-0.034190366,0.001987672,0.000579992,-0.022517429,-0.002164292,0.001794929,0.008721966,0.004919113,-0.0007624,0.013965273,-0.013382386,0.003308495,-6.85E-05,-0.003300687,-0.001277487,-0.002578186,-0.002173149,-0.001180476,-0.004267339,-0.004396051,-0.000174506,0.00504241,0.000624491,-0.001483712,0.001541215,8.91E-05,-0.002068847,0.00209773,-0.00332808,0.000108403,0.000197238,-0.001025367,-0.000552943,-0.000194501,0.000106811,0.000235536,-0.000232698,0.002148727,0.000247578,-0.001902225,-0.002086661,0.000623449,3.50E-05,0.000219171,-0.00172003,0.001571668,-0.000299678,0.001080727,0.002623037,-0.00048899,0.001346809,0.000749067,0.000216476,-9.49E-05,-0.000114204,-0.000281145,-0.00049974,-0.000115653,7.45E-05,-0.000507821,0.000314463,0.000273869,6.26E-05,-0.000588492,0.000444964,-6.34E-05,0.000242851,-0.000112667,-1.24E-05,1.74E-05,0.000198571,8.14E-05,1.47E-05,0.000193255,-2.40E-06,5.43E-06,0.000127563,-3.32E-05,9.10E-05,4.21E-05,-2.27E-17
CA230392,CA230392,425,Capulí,yes,El Porvenir - Site 137,Site 137 - Porvenir,Deslizamiento,137 LS 6,undecorated,0.308486729,-0.151651308,0.06116011,-0.025066412,0.009737064,0.014477195,0.000333167,0.018676324,-0.013208285,-0.015262166,-0.005208109,-0.000306863,-0.002062382,-0.0015653,0.016211075,-0.004946685,-0.005080913,-0.006425357,0.01014005,0.000276585,0.005165759,0.004439256,9.34E-05,-0.00338834,-0.000415265,-0.005483514,-0.000914503,-0.004746096,-0.004461855,-0.001566883,-0.000861439,0.003944614,-0.00216274,0.001633237,0.000145551,1.84E-05,-0.000277464,-0.000329557,-0.001317611,0.001982063,-0.002083593,-0.0003849,0.000365008,0.000826067,0.001936658,0.000759392,-0.000389603,0.002338299,0.00038506,0.000290468,0.000326766,0.000356741,0.001213658,-0.000796256,0.000580628,0.000908969,0.000342965,-0.000237604,0.00011918,0.000350583,0.00067164,0.000962691,0.000555238,-0.000400189,-3.28E-05,-0.000310876,6.56E-05,-0.000250847,-4.73E-05,0.000143421,-0.000231237,-5.98E-05,6.58E-05,7.85E-05,-3.76E-05,3.75E-05,-6.63E-05,-3.01E-05,9.45E-05,1.14E-05,4.78E-05,-6.77E-06,-3.85E-05,-1.65E-05,1.22E-16
CA230401,CA230401,BOM197,Tuza,no,Bomboná,Bomboná,Los Eucaliptos,,red positive interior,-0.165327096,-0.039573692,0.041861575,-0.000358193,0.016421134,-0.026810025,0.013666589,0.007209145,0.00100448,0.009091315,-0.001399697,0.003684824,-0.000680387,0.008950241,-0.004261237,-8.74E-05,0.005859704,-0.007330507,0.003155623,-0.000405109,0.001878789,0.00204408,-0.00115692,-0.000287304,0.002600172,0.000995933,-0.002139712,0.001369253,0.000965699,-0.001336035,-0.000524247,-0.001204882,-4.32E-06,-0.000180598,0.000995274,0.00269435,-5.67E-05,0.001809423,0.000125934,-0.001520774,-0.001559757,-0.001059898,0.000599076,0.00052543,-0.000540655,0.001272662,0.000505852,0.001465346,-0.000119418,0.000975527,-0.00132882,0.000381232,-0.001311353,0.000310428,0.00023397,0.000390663,-0.000721403,-0.0011343,0.000518302,0.000590926,-0.000309359,-0.00028394,0.000211836,0.000206134,-0.000686295,0.000250808,0.000500571,0.000282486,-5.17E-05,0.000287743,0.000936742,-0.000208646,-0.000288127,0.000187956,8.51E-05,4.15E-05,-7.90E-05,-0.000343627,6.99E-05,-8.23E-05,0.000194207,-0.0001818,-7.59E-05,4.30E-05,-3.39E-17
CA230402,CA230402,BOM240,Tuza,no,Bomboná,Bomboná,Olleros,,crosshatching with deer,-0.247960522,0.055236489,0.046500775,-6.87E-05,0.001615043,0.016580134,-0.011322692,-0.019166984,-0.009216854,-0.007813088,0.010637004,-0.007227119,0.008346156,-0.005996682,-0.001048642,-0.000255367,-0.007982908,0.000794088,0.005800351,-0.002579807,-0.000163767,-0.000752095,0.002506501,-0.001357456,-0.004688209,0.003559157,-0.001717832,0.004513577,0.000577048,-0.003839102,0.000276253,0.002945373,0.002892771,0.002220306,-0.000825394,9.60E-05,0.001240243,6.29E-05,-0.001462757,0.002382233,0.001661812,-0.001710729,0.001577413,-0.002236511,-0.001207443,-0.000964408,-0.001513324,-9.12E-05,0.00094941,-0.00107825,-0.001559834,0.000722079,-0.000114321,0.001032057,0.000177789,0.00049346,0.00063154,0.00010138,-4.08E-05,0.000337716,0.000428714,4.58E-05,-1.25E-05,-0.000496338,2.64E-05,-3.80E-05,7.06E-05,-0.000192711,-0.000294548,-0.000150325,0.000634085,-0.000169606,0.000188246,7.82E-06,-0.000283462,-3.46E-05,6.28E-05,-0.00011206,0.000115686,0.000314057,-0.000136527,5.27E-06,-3.08E-05,0.00010367,8.72E-18
CA230403,CA230403,BOM252,Piartal,no,Bomboná,Bomboná,,,,-0.141169049,-0.0349768,-0.0167931,-0.005815306,-0.019279762,-0.009516565,-0.020667523,0.008111377,-0.011215511,0.031018132,-0.003331813,0.009415949,0.000526627,-9.58E-06,0.005711998,-0.006523599,-0.001029978,0.00648192,0.001405654,-0.002494059,-0.003163313,0.00215164,-0.004687892,-0.002518341,-0.004420992,0.007556897,-0.004010769,-0.003830995,0.002540656,-0.002418303,0.000947029,0.001834959,0.000639886,0.002398476,0.001165186,-0.000498705,-0.002221423,0.001313189,0.002234137,-0.001180749,0.002548342,-0.000641624,0.000346065,0.00217671,0.002803586,0.001087871,5.54E-06,0.000468193,-0.000397464,-0.000165773,0.000102057,-0.000551037,0.000133219,0.001660356,0.000891099,0.000550188,0.000832686,-5.59E-05,0.000140816,0.000440884,-0.000342952,-0.000298801,-5.50E-05,0.00013004,0.000368549,4.98E-05,-0.000149163,-0.000429485,-0.000175766,-0.000116296,-0.000148844,0.000254054,-0.000195721,-7.35E-05,0.0002785,3.94E-05,0.000202374,-0.000222602,-0.000207411,4.10E-05,-8.25E-05,-9.47E-06,-8.10E-06,-4.53E-06,-8.20E-17
CA230404,CA230404,BOM181,Piartal,no,Bomboná,Bomboná,Aguacate,,step pattern,-0.220814333,0.03875704,0.015160037,0.006613634,0.004032702,0.016483066,0.013567656,0.00223003,0.003414871,-0.013501348,-0.002792174,0.003789648,-0.002419086,-0.00230059,0.000993215,-0.000686344,0.00286023,0.002867621,-0.001801131,-0.005502897,0.002397437,-0.002894888,0.00474982,-0.005829287,0.000413281,-0.003709478,-0.00343545,0.001927839,7.53E-05,-0.001142984,0.000924658,-0.002742992,-0.000420819,0.00038976,0.002146016,-0.00147042,-0.000589228,0.002985267,0.001670575,9.00E-05,0.000244874,0.001122622,-0.001361708,-0.000994014,0.000664449,0.001568512,7.98E-05,-0.00036182,-0.001830518,-6.47E-05,8.76E-05,8.14E-05,0.000414936,0.000633754,6.08E-05,0.000722506,0.000568376,-0.000815388,-0.000333403,-0.000214844,0.000109732,6.91E-05,-0.001032837,0.001165493,-0.000317119,-0.000431558,0.000474804,-0.000396484,0.000497627,0.000173364,-0.000133087,0.000253088,-6.35E-05,0.00014767,-0.000563487,4.42E-06,5.69E-05,-2.11E-05,0.000262801,0.000124496,2.42E-05,0.000121914,-6.22E-05,-6.25E-05,-1.76E-16
CA230405,CA230405,BOM261,Capulí,no,Bomboná,Bomboná,Los Eucaliptos,,"incision on rim, diamond upper",0.348566789,0.149494533,0.010278867,-0.044488258,-0.040534074,-0.029627506,0.013737748,0.007706686,-0.017155531,0.007757585,0.027207478,-0.000245254,-0.01950207,0.012219307,0.00370891,0.009318955,-0.003608785,0.007530727,0.009329623,0.000186374,-0.005738058,-0.002720311,0.003233545,-0.007507193,0.000279006,-0.002855746,0.006291496,0.001267813,-0.003580849,0.002912645,-0.004145118,-0.000725913,-0.000392008,0.001060618,-0.000323651,-0.001505621,-0.000469853,-0.000591027,0.001343904,0.002396178,-0.001805015,-0.000334069,0.000807489,0.002742994,5.23E-05,0.00074232,-0.000622592,-0.000175956,-0.000412509,-9.22E-05,-0.000174539,-0.000759555,-0.000539485,0.000355618,-0.000289639,-7.34E-05,-0.000418036,0.000435754,-0.000716105,-0.000199471,0.000170263,4.70E-06,-0.000195472,0.000454523,0.000301654,0.000151548,0.000111238,0.000341626,-0.00014086,3.49E-06,0.000172618,-3.17E-05,0.000183689,-0.000127818,8.74E-06,2.42E-06,2.66E-05,-0.000118091,1.34E-05,7.67E-05,-1.54E-05,-4.83E-05,-3.50E-05,4.69E-06,-3.03E-17
CA230406,CA230406,BOM096,Tuza,no,Bomboná,Bomboná,Los Eucaliptos,,birds on rim,-0.178623965,0.020003761,-0.013246255,-0.009994459,-0.00409637,-0.027425885,-0.019199394,0.00065327,0.001614087,-0.013349664,-0.004087122,-0.000730661,-0.007650208,0.002844724,0.000630638,-2.77E-05,0.007437377,0.002032272,-0.012014237,0.005615682,-0.004755703,0.003802476,0.003207466,0.003347995,-0.001367023,-0.004668787,0.004105872,-0.002766363,-0.0012131,0.000864339,0.002761466,0.001888172,-0.002721276,-0.001497216,-0.001058868,0.000441182,0.000781676,0.000368596,1.98E-05,5.20E-05,-0.00028043,-0.000118356,3.44E-05,-0.000901486,0.001469212,0.000745823,-0.002145638,0.000414891,-0.001272674,0.000404341,-0.001971905,-0.001108168,-3.55E-05,-0.000872486,-1.61E-05,-0.001664945,0.000447151,-0.000189973,0.000928711,0.000488098,0.000531141,-0.000501976,-0.000412658,-0.000175979,0.000578922,0.000221751,-0.000330446,-0.000601301,5.36E-05,-0.000313056,-1.92E-05,-0.0001155,-0.000124067,0.000253558,9.95E-05,-5.06E-05,-0.000129006,-0.000117665,0.000167428,0.000102573,-9.74E-05,-0.00011129,-0.000103127,9.96E-06,-1.07E-16
CA230407,CA230407,BOM165,Tuza,no,Bomboná,Bomboná,Aguacate,,ladder pattern,-0.213327535,0.012388238,0.067571871,-0.012575805,0.009452009,0.000440311,-0.021680406,0.00266782,0.001989207,-0.000161403,0.001993674,-0.011230643,-0.00189054,-0.000683208,-0.005066236,0.00086881,-0.00527489,-0.002471193,0.002073618,0.003273424,-0.003767372,-0.001010192,0.001120296,0.004120148,-0.003865882,-0.000822061,-0.001108658,0.002105099,0.001424036,-0.000302264,-0.000594953,0.000990558,-0.000728742,0.00202421,-0.000431114,-0.001332946,-0.000580196,0.001180597,-0.000955593,0.001185068,0.001077965,0.000626141,-0.00127731,0.000393533,-0.001578194,0.000640863,0.000991466,0.000421414,0.000854847,0.000763426,0.001823772,-0.000489593,0.000143744,0.000666021,-0.000140722,-0.000445282,-0.001748702,0.001121893,-0.000161844,0.000478879,-0.000160435,-0.000103361,-0.000253946,-0.000741193,0.000213698,0.000231534,0.000440388,-0.000210315,0.000106351,5.47E-05,-0.000434823,0.000172297,-0.000344155,0.000355829,-0.000185925,-0.000235256,-5.34E-05,-5.44E-05,-0.000105326,0.000223847,0.000168751,-0.000180432,-0.0001565,-0.000155928,-8.50E-17
CA230408,CA230408,BOM189,Tuza,no,Bomboná,Bomboná,Los Eucaliptos,,positive red all over,-0.214144713,0.017341833,0.059769064,-0.002062804,0.005474416,-0.000213391,0.005069832,0.001055011,0.005197299,-0.000803087,-0.0028745,-0.001417467,0.00410703,0.004896201,-0.005091791,0.004179465,-0.000279322,0.001407658,0.004227973,-0.004004323,0.002497657,-0.00468841,-0.001625511,-0.001897535,0.003333904,0.000758424,-0.000797335,-0.000813995,-0.000361261,0.001820864,0.001730435,0.001949916,-0.001753575,0.003186192,-0.002706748,0.000858252,0.000583085,0.000875914,0.000596946,-0.000614115,-0.000911555,-0.000209878,-0.000292271,0.000140562,0.000536998,0.000938161,-0.000408173,-0.000869292,-1.53E-05,-0.000305848,-0.000622949,0.001250787,0.000194934,0.000601737,0.000643067,-0.001673047,0.00038573,-0.000474613,0.000599991,-0.000246565,0.001283417,0.000187986,-8.55E-05,-0.000231725,-0.000269291,0.000808301,0.000507614,0.000474106,-0.000284981,-0.000153865,-0.000417681,0.000275824,-0.000238509,-0.000276703,2.24E-06,-0.000483791,-9.22E-05,-2.16E-05,-7.12E-05,5.79E-06,0.000135324,0.000172181,0.000204464,2.98E-05,-3.08E-17
CA230410,CA230410,BOM210,Tuza,no,Bomboná,Bomboná,Aguacate,,red geometric isolated to near lip,-0.200054188,0.015938206,0.042063312,0.01432846,-0.000688601,-0.013083454,0.026272168,-0.005789112,0.00081323,-0.006984815,-0.01171399,0.00576241,0.011262236,-0.001197298,0.000993083,-0.008056897,-0.003997303,0.004048236,-0.001023472,0.0043687,0.003619668,-0.001820326,0.002237676,-0.00382265,0.000765473,-0.004075702,-0.001691239,0.00189531,0.001194112,-0.005081875,-0.007466075,-0.003742108,-0.000602731,-0.001017747,0.001132534,-0.003023549,-0.000489125,-0.002144922,0.002127614,0.000138461,0.001317064,0.000354446,-0.000804422,0.001900356,-0.000187655,0.000274245,0.000513537,-8.98E-05,0.000118941,-0.000453523,4.70E-05,0.000100475,0.000291939,0.000153419,-0.000469293,-0.000326094,-2.65E-05,0.000745203,0.000826735,0.001281947,0.000519929,-0.000140698,0.00022291,-0.000192521,-1.23E-05,0.000297566,0.000252137,-0.000483034,8.74E-05,-0.000178603,0.000349055,-0.000441192,3.51E-05,0.000193369,8.47E-05,-0.000304477,8.23E-05,0.000266568,1.62E-05,-0.000253515,-0.000140248,3.40E-05,8.24E-05,-1.02E-05,-1.30E-16
CA230411,CA230411,BOM182,Tuza,no,Bomboná,Bomboná,Aguacate,,"brown geometric, isolated to near lip",-0.202237109,0.01939514,0.02612102,-0.017439117,0.004242321,-0.002726189,-0.040545473,0.007282048,0.004547144,-0.010814743,0.000522267,-0.021036156,-0.006049255,-0.002759859,-0.006379405,0.003634596,-0.004294034,0.002998683,-0.004796731,0.008589061,-0.001180345,0.005844193,-0.00019506,0.001596646,-0.002113869,0.002956515,0.002121292,-0.001188335,-0.000628786,-0.000324676,-0.000133073,-0.002392304,-0.001230575,-6.74E-05,0.002295947,0.000900495,0.002611541,-0.002026006,0.000420587,-0.000456911,0.000238412,0.000761324,0.000469652,0.000292423,0.000482008,0.002617419,0.001968061,-0.000366906,0.000198263,0.00086288,0.00011783,3.75E-05,-0.000735553,-0.000428759,0.000199212,0.000899443,-0.000280259,-0.000531332,-0.000951183,-0.000332756,0.000457622,5.98E-05,0.000872694,0.000357039,-0.000505476,9.93E-05,-0.000366648,-0.000337325,0.000134158,0.000332146,0.000273543,-2.22E-05,2.22E-05,-0.000273014,0.000176963,-0.000327442,-0.000173769,4.95E-05,-1.65E-05,0.000221207,-0.000155735,0.000210865,1.36E-05,-3.71E-05,-1.01E-16
CA230412,CA230412,BOM179,Tuza,no,Bomboná,Consacá,,,"brown geometric, isolated to near lip",-0.230073603,0.0380814,0.046574768,0.007443653,0.004976907,0.013736351,0.033614189,-0.012905251,0.005097062,-0.008968903,0.00265528,0.020198945,0.008740623,-0.008893972,0.001193967,0.006722362,0.00993472,0.012488267,-0.000830136,0.001059138,-0.001762848,0.005378658,0.00051572,-0.004009282,-0.006392516,-0.002386561,0.002271986,-0.003036146,0.000767527,0.002511271,0.004281912,0.00349605,0.000249854,-0.003976077,0.000312522,-5.35E-05,-0.001641142,-0.004940168,-0.001938683,-0.001319669,-5.63E-05,-1.71E-05,0.000847094,0.001384326,-0.001616737,0.000759361,0.000582601,0.000834259,0.001621268,0.000818392,-0.00047538,-0.000248717,0.001044072,0.001054106,0.000864089,0.000612812,-0.000353719,0.000287406,-2.88E-05,0.000110132,0.000266924,-0.000683317,-0.00042047,-0.000170053,-0.000451455,-0.000237985,-6.52E-05,0.000334243,-4.43E-05,4.66E-06,-9.76E-05,0.000110993,-4.32E-05,2.92E-05,-5.45E-05,3.15E-05,-6.18E-05,-9.61E-05,3.89E-05,-5.13E-05,-8.63E-06,0.000104827,-1.78E-05,-2.07E-05,-5.33E-17
CA230413,CA230413,BOM229,Tuza - Red slip,no,Bomboná,Bomboná,Aguacate,,positive red all over,-0.005467876,-0.045943776,-0.05506382,-0.057385896,-0.017588905,-0.007306775,-0.03509401,0.005304375,0.002197645,-0.024013584,-0.00965192,0.023564905,0.005203771,-0.01543767,-0.000829282,0.008561313,0.009383255,-0.001853473,0.006165502,-0.002476957,-0.012382982,-0.003932337,-0.006910581,0.004340967,0.010120433,-0.000103134,-0.000495248,0.011207215,-0.002443256,0.00206978,-0.004536594,0.000286347,-0.000915593,-0.002032477,-0.002113279,-0.000499441,0.000901079,-0.000987111,-0.001411756,-0.001895263,0.000528972,-0.001619585,-0.000712907,0.000637752,0.000171913,0.000556567,0.000204361,0.000293639,-0.000204456,-0.000513105,-1.90E-05,-0.000350309,0.000439242,0.000516462,0.00065133,0.00013494,0.000461673,0.000137598,-0.000240682,0.000185246,3.86E-05,0.000368589,0.000194373,0.000159442,-5.01E-05,-6.57E-05,-0.000133575,-0.000186641,8.84E-05,2.86E-05,-1.55E-05,9.79E-05,-2.38E-06,3.13E-05,-3.51E-05,-2.84E-06,5.86E-05,-5.75E-05,-6.18E-05,1.93E-05,7.32E-06,-6.54E-06,-1.95E-05,2.18E-05,-6.11E-17
CA230416,CA230416,OBO007,Piartal,yes,Obonuco,Obonuco,,,"geometric interior, ladder triangles",-0.150510646,-0.013914892,-0.016581215,0.026682293,0.023912804,0.003671255,0.062505822,-0.00230615,-0.000421255,-0.002756754,0.006978562,0.017913831,-0.009416393,-0.00299472,0.00277999,0.004622041,-0.005993692,0.004024046,-0.000620435,0.003161551,-0.011311162,0.004593213,-0.00187428,0.008979381,-0.002268585,0.005093907,-0.002030819,-0.002233325,-0.003589129,0.002492374,-0.001601668,0.002864781,0.001632765,0.00095405,-0.001452228,-0.001565769,0.004748021,0.003545813,0.002036652,0.000282125,0.001174605,0.000253291,-0.001275836,0.000248521,-0.000344566,-0.000126141,-0.001150021,-0.000261833,0.000316355,0.001078794,-0.000298432,-0.000119885,-0.00035864,4.29E-05,-0.000572093,0.000315842,0.000183724,0.000403564,0.00064276,-0.000785671,0.000268361,0.000171155,0.000489,-0.000103682,-0.000494842,-0.000352915,0.00034949,-0.000296032,0.00021979,0.000166211,-2.58E-05,8.43E-05,0.000139405,-2.35E-05,0.000193336,1.37E-05,-1.87E-05,8.20E-05,6.83E-05,-4.48E-05,-2.39E-06,-4.39E-05,1.66E-05,-4.65E-05,-1.04E-16
CA230417,CA230417,OBO011,Piartal,yes,Obonuco,Obonuco,,,"geometric interior, spirals",-0.093634926,-0.057652896,-0.083289353,0.002395574,0.03595054,-0.00999861,0.003990446,0.011224284,0.003765901,0.003691202,0.017021714,0.002018278,-0.006750599,0.009694194,-0.007331557,-0.000101113,0.003772253,-0.004826878,0.001742209,-0.000895855,-0.000189024,-0.001760469,-0.002500321,-0.001279813,-0.000215108,0.002728647,4.88E-05,0.002193495,-0.000967325,-0.000335592,0.001907241,-0.000976352,0.002032864,-0.002981714,0.002739025,0.001913367,0.000269555,-0.002526793,0.001582901,5.04E-05,-0.000101706,-0.00097506,0.001137904,0.000354326,-2.35E-05,0.000275508,-0.001414377,-0.000424479,-2.89E-05,-0.00129625,0.000178011,-0.001428903,-0.000312959,-0.000327845,0.000643353,0.000681044,-0.000452948,-0.000509431,0.000241409,0.000321262,-6.34E-06,0.00070011,-0.000782831,-0.000679068,3.74E-05,0.000314524,0.000333207,-0.000383078,-0.000664024,0.000420899,-0.000123808,0.000176298,-7.83E-05,0.000110298,5.44E-06,0.000169889,-0.000164605,0.000412103,0.000122094,7.65E-05,-6.46E-05,-1.50E-05,0.000155437,-0.000144109,-4.89E-17
CA230422,CA230422,OBO015,Piartal,yes,Obonuco,Obonuco,,,pasto star,-0.029416567,-0.075487643,-0.111880037,0.009908968,0.030696694,-0.019079269,0.008835742,-0.015510571,0.012962631,-0.002489759,0.011202974,-0.006810465,-0.002583695,-0.012313593,0.002728881,-0.008670894,-0.011126449,-0.003697439,-0.001402091,-0.004511279,0.001213202,-0.003102953,-0.000576932,-0.003009547,-0.000569024,-0.004998818,0.003543381,0.000680687,-0.003503696,0.002165531,0.001685986,0.001230786,0.001106875,-0.00082306,-0.000521403,0.00160595,0.001356749,-0.003486727,-0.000306667,0.000471532,-0.000970305,0.000614659,-0.002466119,0.000255019,0.000612601,-7.58E-05,0.000137729,-0.001053965,0.000127641,0.002026941,0.000501832,0.00072547,0.000270451,0.00154822,-0.000651967,-0.000671918,0.000803886,-0.001446186,-0.000344037,0.000564538,-0.00081047,-5.88E-05,-2.23E-05,-0.000178601,0.00034048,-2.73E-05,0.000415534,6.85E-05,0.000222301,-7.82E-05,0.000298247,0.000173704,4.48E-05,-2.88E-05,0.000203451,-8.96E-05,0.000277879,2.47E-05,-0.000152707,0.000118137,-5.83E-05,-6.59E-05,-1.28E-05,-5.71E-06,-4.54E-17
CA230423,CA230423,OBO030,Piartal,yes,Obonuco,Obonuco,,,"geometric interior, ladder triangles",-0.080861689,-0.049479574,-0.064429177,-0.018587656,0.004608256,-0.005018418,-0.024048554,0.019102563,0.006705389,0.007889304,-0.001618776,0.00145017,-0.000872386,-0.004333231,-0.003181755,0.002311076,0.003745595,0.004929082,0.007451936,-0.006746106,-0.000572006,0.001565383,-0.001647885,-0.002743999,0.000362111,6.95E-05,0.00165782,-0.004087401,0.001451269,0.000405873,-0.000764822,-0.000865202,-0.00046096,0.000454619,-0.000488298,-0.000989518,-0.002552829,0.002258797,-0.000452941,0.000108001,-0.000896312,0.001044315,-0.000967937,0.001249984,-0.001569764,-0.001629894,-0.000376276,-0.000749763,0.000931567,-0.000117102,3.66E-05,-0.000593462,-0.000257518,-0.000698775,0.000387664,-0.000825514,0.000915106,-0.000944573,-0.000237031,-0.000619832,2.61E-05,-0.001420159,0.001254549,-0.000269039,-0.000364694,0.000169535,0.000285638,-0.000239727,-0.000272667,0.000213008,-7.44E-05,-0.000280645,0.000240881,0.000369771,-0.000358324,8.68E-05,0.000148443,0.000140574,0.000108712,7.58E-05,-4.54E-05,5.58E-05,-8.94E-06,-8.56E-05,-1.46E-16
CA230424,CA230424,OBO039,Piartal,yes,Obonuco,Obonuco,,,pasto star,-0.08743074,-0.047121949,-0.066716344,0.00667048,-0.003354566,-0.012006944,0.01475717,0.005693902,0.012024341,0.018118889,0.005394197,-0.002902625,-0.002766082,0.002145921,-0.00636747,0.008094663,0.003304686,-0.001883819,-0.000845547,0.004532898,0.005294015,0.002195659,0.00144204,-0.001798636,-0.002869615,0.004536197,-0.001923471,0.003648182,0.001837476,-0.00194718,0.000931239,0.003174408,0.002350753,0.000642715,0.000299278,-0.002373319,-0.000613971,-0.002915574,-0.002428012,-0.000357933,-0.000905262,-0.000286591,-0.003229857,0.000431531,0.000141389,0.00197646,-0.000416033,0.000107587,-0.000386192,-0.001887088,-0.000272213,0.000588518,-0.000432319,-0.000523918,0.000164061,-0.000423519,-0.000972492,-0.000407524,0.000356996,-0.000358265,-8.47E-05,0.000232846,0.000598745,0.000149564,0.00046616,-0.000492153,-0.000214608,-0.000166125,0.000402862,-0.000408194,-0.000218206,-0.000227053,0.00022679,-0.00034899,-0.000179364,-0.000115718,0.000194093,-0.00021627,0.000242557,-4.17E-05,6.05E-05,-0.000115314,7.87E-05,-7.97E-05,-1.01E-16
CA230428,CA230428,SAN075,Tuza,yes,Catambuco - San Damián,San Damian,Rasgo 36,SD 18,"brown geometric, crosshatching",-0.216243338,0.031401761,0.011694022,0.005685183,-0.009138167,-0.00767243,0.019765148,-0.008769001,-0.00185975,-0.001743718,-0.008381463,0.009465628,0.000969078,0.00230086,0.006552486,-0.009234245,0.002150173,-0.005358285,-0.004015319,0.001308994,0.006379738,-0.000962762,2.40E-06,0.003209472,-0.002263927,0.00288733,0.004288945,0.000834057,-0.000624966,-0.001214088,-0.005627267,-0.003401465,0.001448741,0.001124979,0.00091041,-0.000741772,0.002838903,-0.002083916,0.000765283,-5.70E-05,-6.81E-05,-0.000460161,0.000822428,0.000243353,0.001569675,-0.0006341,-6.05E-05,-2.35E-05,0.000994974,0.000392872,0.000279595,0.000425446,0.000250839,-0.000198023,0.001291588,-0.000173537,-0.000635821,-0.000824782,-0.000132249,-0.000759112,-0.000749108,-0.000362169,-0.000198097,-0.000178103,-0.000157953,0.000729608,-0.00047714,-0.000117184,-4.81E-05,0.000168557,-0.000558092,0.000381206,0.000552882,0.000265848,-0.000256155,-8.60E-05,-4.42E-05,-0.000168502,9.58E-05,6.63E-05,8.45E-05,-7.28E-05,-3.18E-05,0.000163649,-1.22E-16
CA230429,CA230429,SAN077,Tuza,yes,Catambuco - San Damián,San Damian,"Poligono A, Rasgo 95",SD 50,"brown geometric, isolated to near lip",-0.211791754,0.012840825,0.024754704,-0.008128862,0.010614407,-0.002851779,-0.016413944,-0.000893231,0.003398245,-0.005963309,-0.000154417,-0.006669387,-0.011011899,0.003271244,-0.001118871,-0.001339584,-0.00186051,-0.004273815,-0.00337014,-0.002454264,0.001961347,-0.00142481,0.000783175,0.003917301,-0.000317288,-0.00026295,-0.002057269,-0.000408241,-0.001317894,0.001139301,-0.000282868,0.002382413,-0.001030353,0.001261282,9.55E-05,-0.000797852,-0.001981558,0.0013852,-0.000951887,-0.000772212,-0.00114478,-0.000999544,-0.002517161,0.00147817,-0.000153068,0.000439284,0.000675585,0.001141944,0.000243288,-0.000394557,0.00086001,0.000565201,-0.001190435,0.000160054,0.000379216,-0.000282511,0.001036816,0.000841226,-0.000399652,-0.000483948,3.63E-05,-0.000575206,-0.001528704,-0.00102796,-7.48E-05,-8.45E-05,-0.000276947,-0.00017077,0.000167516,0.000769005,0.000301907,-0.000234148,0.000365868,-0.000398577,0.00012475,5.53E-05,2.14E-05,8.82E-05,8.38E-05,-0.00016773,-1.58E-05,5.12E-05,-1.20E-05,8.97E-05,-1.68E-16
CA230430,CA230430,SAN078,Tuza - Red slip,yes,Catambuco - San Damián,San Damian,Monitoreo,,positive red all over,-0.180233048,0.008206521,-0.0008197,0.006651888,-0.003734628,0.007562121,0.009702483,0.01680443,0.002231842,0.005870563,-0.009816485,-0.001136512,0.0007482,0.009688346,-0.006730496,-0.000706448,0.005694408,-0.000406972,-0.000609758,0.002410531,0.00554175,-0.002167998,-0.000434376,0.004309081,-0.001761576,0.000641253,0.0042192,-0.000324819,-0.001704684,0.000259841,-0.002756017,-0.00019873,-0.001984668,0.00263721,0.000294107,-0.003487777,0.001298795,-0.002335791,0.000234625,-0.000783476,0.001563662,0.000706837,-0.001853437,-0.000612846,-0.000539026,-0.000185799,-0.000154601,0.00183072,-0.000527433,-0.001391299,-0.00113146,0.00145492,9.14E-05,-0.000409177,-0.000311396,-0.000125587,0.000866753,-0.000213983,-0.000746654,0.000319008,1.58E-05,1.14E-05,-0.000263224,0.000195253,-9.05E-05,-0.000499059,0.00039393,0.000718994,-0.00019944,0.000112729,-0.000143462,-0.000115393,6.15E-05,0.000360363,0.000275421,0.000342699,-0.000237598,-7.68E-05,-0.000372542,0.000214164,-9.81E-05,1.71E-05,3.67E-06,-0.000101614,-1.23E-16
CA230431,CA230431,SAN074,Piartal,yes,Catambuco - San Damián,San Damian,Sector Aola,SD 3,positive red triangles,-0.132832679,-0.016004521,-0.05441218,0.003530657,0.029287909,0.014481246,0.010062906,0.029769281,0.003574134,-0.000419381,0.005068731,0.000694125,-0.012763816,0.010390249,-0.007193226,0.002206968,-0.000211765,-0.000589222,0.002116316,-0.00176135,-0.003861547,-0.007418178,0.003737358,0.005678837,-0.001895117,-0.001886269,0.000515753,-0.002582367,-0.000811584,-0.002640676,0.000491684,-0.001605653,-0.00080028,-0.000439339,-0.001924529,0.002385957,-0.000517894,-0.001002136,0.000386973,-0.000697739,0.000513937,8.43E-05,0.001985817,0.000579413,-0.000437084,-0.001193144,0.001564237,-0.001101675,0.000275365,0.000805874,-0.000773489,0.000906329,6.63E-05,0.000709231,-1.96E-05,0.000826748,0.000289269,-0.00043436,0.000390002,-0.00038543,0.000920647,0.000398856,-0.00030064,0.000139956,0.000516961,-0.000112569,-0.000770472,-0.00042404,0.000129138,-5.27E-05,-7.59E-05,-0.000490294,0.000124614,5.76E-05,-0.000450136,-6.10E-05,9.48E-05,-0.000159747,-0.000386514,-0.000132834,9.00E-05,-7.43E-05,-1.53E-06,-6.22E-05,-6.65E-17
CA230432,CA230432,SAN076,Piartal,yes,Catambuco - San Damián,San Damian,"Poligono B, Rasgo 50",SD 28,eight point star,-0.04653613,-0.065875807,-0.086266574,-0.008921806,0.000242466,-0.01911251,-0.007341059,-0.003019717,0.015901658,0.005887703,0.003764773,0.001916193,-0.003988745,-0.011279985,0.002947023,0.002580929,-0.000728522,0.002880502,-0.001582103,-0.002863227,0.002067546,-7.79E-05,-0.000535465,-8.13E-05,-0.005528126,-0.001308548,-0.000934776,-0.000706153,-0.001218181,-0.001157908,-0.001247921,-0.000354861,0.003302317,-0.000933785,-0.0007522,-0.00097691,0.000213133,0.000621497,-0.000375067,-0.000127969,-0.001203532,0.001299075,-0.001697962,-0.001272493,0.000924292,0.000512386,-0.000574749,-0.00185508,-0.000474732,0.000497104,0.001354634,0.00070213,0.000256767,-0.00136229,0.001177968,0.000503193,-0.000711983,0.001702388,0.000879707,-5.11E-05,0.000789638,0.000162927,-0.000104154,0.000404362,0.000342144,0.000535382,-4.72E-05,0.000414843,-0.000291186,0.000287061,0.000488067,-4.68E-05,-0.000121093,0.00032015,-3.48E-06,0.000296417,2.53E-05,-0.000275012,-0.00012319,4.23E-05,6.43E-06,0.00020634,2.72E-06,5.98E-05,3.24E-17
CA230434,CA230434,SAN083,Piartal,yes,Catambuco - San Damián,San Damian,"Poligono BIII, Rasgo 133",SD 73,swastika,-0.119406788,-0.047518785,-0.055999848,-0.002714771,0.027958303,-0.013997529,-0.001138575,0.007378097,0.014524728,0.007516129,0.005075256,-0.001550015,-0.010377446,0.005129537,-0.001249289,-0.00154723,0.000225749,0.000665731,0.001594711,-0.002277649,0.001069523,0.001218071,0.002862022,0.002994149,0.001723392,-0.001730396,-0.004322065,-0.00390951,-0.000186452,-0.001260906,0.001037204,0.000674991,-0.004492451,0.000603419,-0.001552939,-0.00066454,-0.000698646,-0.000226859,-0.001152207,-0.000944931,2.58E-05,-0.000301377,0.001280322,8.67E-05,-0.000118098,-0.000871787,-0.001711344,-0.001879639,-0.00082292,-0.001133943,0.000146868,-0.001051532,0.000797524,-4.26E-05,-0.000223206,0.000667445,-0.000387308,0.00097125,-0.000750038,0.001713672,-0.000335074,-0.00020624,0.000164114,0.00020179,-0.001013299,0.000136993,-9.04E-05,0.000270782,0.000722535,-7.27E-05,-1.49E-05,0.000262093,0.000423387,-0.000140207,-3.06E-05,-0.00011238,-0.000129051,-3.40E-05,-7.50E-05,0.000105565,1.49E-06,-9.39E-05,7.42E-05,0.000110168,-1.36E-16
CA230714,CA230714,C03364,Piartal,no,Museo del Oro,Pupiales,compra a Camilo Orbes,,geometric interior with triangles,-0.254828268,0.027174072,0.037527772,-0.004475817,-0.00179091,0.016582591,-0.009108995,-0.016846234,0.001238044,0.016536564,0.00812703,0.000650311,-0.002013367,-0.000801269,0.003931494,-0.002297819,0.005503679,-0.009332819,-0.000262519,-0.001858199,0.01023837,0.001829024,0.001078033,0.000181744,0.004707011,0.002255941,0.002515467,0.002754519,-0.002347012,0.00034299,-0.001099734,0.001296422,0.000656749,-0.001026946,0.000716792,0.00067904,0.002332466,0.000660852,-0.001570306,-0.001298109,-0.001532172,-0.001828015,0.002126353,-0.0004971,0.002078163,-0.001892109,-0.000989034,0.000592254,-0.000458726,0.000944373,-0.000490165,-0.000195248,-0.000119345,0.000480726,0.000205079,0.00058918,-0.000798644,0.000919635,-2.01E-05,-0.000198624,0.000530223,-0.001069626,6.87E-05,0.000396139,0.000347455,-3.62E-05,0.000611732,-8.77E-05,0.000497638,-4.58E-05,-0.000223985,-0.000290494,1.35E-05,-0.000174167,9.83E-05,-3.57E-05,0.000215151,0.000226305,-0.000158085,-8.22E-06,-1.58E-05,0.000140735,-5.66E-05,-0.000167067,2.52E-17
CA230715,CA230715,C03990,Tuza,no,Museo del Oro,Pupiales,compra a Camilo Orbes,,hatched interior,-0.198655967,0.006903295,0.044096393,-0.014408153,-0.008249508,-0.022562377,-0.022003319,-0.001624347,-0.00380102,0.001370048,-0.009744201,-0.003720276,0.005869861,0.003718364,0.000621623,-0.002988328,0.003488417,0.003208525,-0.000737248,0.000179993,-0.001823285,0.001920193,0.001988538,-0.002546621,-0.00241247,-0.003684118,0.000504637,0.000781821,-0.00098882,0.003380882,0.003197389,0.00249423,0.002422039,-0.002167406,-0.000120274,-0.000139397,0.000681082,0.000899248,-0.000271843,0.001460961,0.001039834,0.00063756,0.000529073,-0.000829939,0.001607738,-4.02E-05,0.000701871,0.000507478,-0.001589826,-0.000440266,0.000193751,0.000432831,-0.000354311,0.00084557,-0.000388514,-0.000491552,-0.000473442,0.000418366,-0.000272751,-0.000274385,-0.000483673,3.53E-05,0.000485788,-0.000105408,-3.06E-05,-0.000334922,0.000266678,-0.000496101,-0.000402352,-0.000182824,0.000491837,0.000332726,0.000705352,0.000137532,-0.000226492,2.70E-05,-0.000343057,6.27E-05,-0.000264306,-0.000252585,0.000229583,4.77E-05,0.000130026,-5.32E-05,3.02E-17
CA230716,CA230716,C03991,Piartal,no,Museo del Oro,Pupiales,compra a Camilo Orbes,,ladder motif,-0.09249216,-0.073183246,-0.047015051,0.013505733,0.042553574,0.000100976,0.026584867,0.014280708,0.013283836,0.010109667,0.010229535,0.000864586,-0.007681971,0.003310074,-0.008409026,0.004172625,0.000988571,-0.001925518,-0.00292015,0.006836862,-0.003152083,-0.000713788,0.005069031,-0.003833082,0.004320187,-0.004235563,-0.005883492,0.006365732,0.002412539,0.00104847,0.000660856,0.000782246,-0.001928335,0.001039452,0.00169884,0.002216395,0.001517608,-0.000689256,0.00019951,0.004075705,0.001665339,-0.000384847,0.001482963,-0.00027478,0.000109207,0.000256952,0.001081878,0.00158662,-0.000678784,-0.000444994,0.001423043,0.000489655,0.000457426,-0.000122076,0.000170618,0.000104772,0.000960747,0.000420915,0.000203409,-0.000431591,-6.73E-05,-0.001097844,0.000531698,0.000129871,0.000300601,0.000259696,-9.19E-05,0.000219935,-0.000277596,-0.000173936,-0.000259169,0.000107059,-0.000106124,-7.82E-05,8.54E-05,0.000102356,-0.000102008,2.68E-06,3.44E-05,-5.25E-05,-5.09E-05,7.34E-05,-0.000121946,0.000114139,-4.07E-18
CA230717,CA230717,C03993,Piartal,no,Museo del Oro,Pupiales,compra a Camilo Orbes,,diamond upper,-0.138079591,0.037237343,-0.100462117,0.011793059,-0.044216147,0.00749391,0.004684609,0.001110427,-0.01319601,0.001407329,-0.015958972,-0.006052245,0.003474457,0.00849567,0.006388306,-0.00036865,-0.009374206,0.008940256,0.003053916,-0.00031696,-0.000179274,0.004274884,-0.0049266,-0.001552075,0.001867644,0.000377197,-0.005679231,-0.000730009,-0.000850946,0.000116645,0.001100787,0.000225182,-0.002730617,0.001106591,0.001959614,0.000903509,0.003593376,-0.000724973,0.000206792,-0.001396653,-0.000544855,-0.00178393,-4.18E-05,-0.0008132,-0.001421429,0.000592366,-0.00107869,0.000367877,-0.000416605,0.000305176,0.001925606,-0.00104654,-0.000606791,0.000882567,0.000508807,-0.000725318,-0.000550522,-0.001041691,0.000513062,5.67E-05,5.93E-05,0.000133765,-7.36E-05,-0.000392476,0.000321228,3.96E-05,-0.000300317,0.000568223,0.00046334,-0.000246305,0.00013092,-0.00034214,5.06E-05,6.41E-05,-0.000345493,0.00023481,-0.000239123,0.000155538,-0.000110832,-5.03E-05,-2.96E-05,0.000121019,-7.18E-05,-3.63E-06,-1.13E-16
CA230718,CA230718,C04118,Tuza,no,Museo del Oro,Pupiales,compra a Camilo Orbes,,hatched interior with monkeys,-0.225427999,0.039108503,0.032329823,-0.009282194,-0.003281524,-7.23E-05,-0.029145999,-0.00283248,0.001303855,-0.007023312,0.001134098,-0.018739088,-0.003120245,0.000223475,-0.003101036,0.000887898,-0.004592364,0.00327279,0.000109197,0.004022271,0.002462242,0.002961757,0.002427261,-0.001866291,0.001298068,7.94E-05,-0.002418849,0.003290669,0.001892101,0.001115056,3.96E-05,0.001750862,0.000991612,-0.000984153,0.001689668,-0.001721188,0.003126707,0.00092847,0.001068669,0.000186811,0.000367782,0.000782248,-0.000228856,-0.00029816,-0.00032499,-0.000666499,0.000170632,0.000482911,0.000856146,0.001604232,-0.000290797,-0.001376685,0.001121282,-0.00039637,0.000140505,2.80E-07,0.001248946,5.88E-05,0.000742317,0.000929018,-0.00027861,0.000231278,-0.000295757,0.000604722,-0.000446059,0.000195452,-0.000527541,0.00061961,-0.000513901,9.07E-05,-0.000305609,-0.000273752,0.000285905,-0.000148351,6.73E-05,0.000150758,0.000374739,-9.58E-05,8.42E-05,-7.33E-05,0.00022516,-0.000107373,0.000116514,-0.000128208,-1.15E-16
CA230719,CA230719,C04120,Tuza,no,Museo del Oro,Pupiales,compra a Camilo Orbes,,"negative black designed interior, exterior has checkered pattern",-0.183972467,0.015057746,-0.014972659,0.001578961,-0.001608637,-0.016554818,-0.000609891,-0.001060769,-0.010195746,-0.005823369,-0.012263324,0.001969418,-0.001225766,0.004845915,0.003149741,-0.011084132,-0.003927316,0.00273576,-0.005015429,-0.001013271,-0.002580754,-0.002747797,-0.003404233,0.000119168,0.001162615,0.001387158,0.001070397,-0.003786043,-0.001997949,0.000446379,0.000266271,-0.001342913,0.003360295,-0.001402799,-0.001568382,0.002781482,0.000812813,-0.002559682,0.000957252,-0.000591537,0.001288006,0.000818289,0.000765224,0.000135178,0.00044178,-8.69E-05,0.000326591,-0.000292473,-0.000133712,-0.00236906,0.000946537,3.03E-05,0.000448432,-0.000728442,-0.000270674,0.000329034,0.000850235,0.000398201,-0.001260359,-0.000420463,0.000766367,-0.000191151,2.96E-05,-0.000321563,-0.000223064,0.000192549,0.000205051,0.00021866,0.00023706,-0.000502429,0.000253842,-0.000188695,-0.000190833,-0.000116811,0.000142582,9.26E-05,0.000191816,1.41E-05,0.000255315,8.06E-05,0.000389812,-3.97E-05,-0.000148458,-7.37E-05,-2.26E-17
CA230720,CA230720,C04122,Tuza,no,Museo del Oro,Pupiales,compra a Camilo Orbes,,siz pointed swastika? With monkeys on the rim,-0.167173102,0.002955501,0.000548776,-0.002498897,0.007080039,-0.039847639,-0.001600449,0.000503421,0.004109078,-0.017589646,-0.007868946,-0.001180765,0.002513823,0.010332602,-0.003772985,-0.00269987,0.001681553,-0.000736296,0.001955718,0.000284602,-9.91E-05,0.002732241,0.000189155,-0.000118582,0.001406009,0.000123396,1.00E-05,-0.003327353,0.000266794,0.000550605,-0.000180318,0.001788515,-0.001442768,0.001873312,-0.001095934,-0.000466065,-0.000607208,-0.001524113,-0.000966603,0.00120048,0.000162651,-0.000705856,-0.000182276,0.000918274,-0.001680393,-0.001582365,-0.000653944,0.000395699,-0.000657788,0.000478617,-0.000551968,0.001031491,-0.001492466,-0.000352082,-0.000325076,0.000227742,-0.000566532,0.000356646,0.000364803,-0.000173351,-0.001125246,0.000872128,-0.000194018,0.000326065,-0.00061301,0.000512446,-0.000100784,-0.000550003,-0.000236369,-0.000524976,-0.000173418,0.000182723,-0.000192478,-0.000165095,-4.50E-05,0.000238777,0.000414974,2.56E-05,-3.63E-05,-3.89E-05,-4.13E-05,0.000317494,-0.000147885,-2.81E-05,-1.16E-16
CA230721,CA230721,C04123,Tuza,no,Museo del Oro,Pupiales,compra a Camilo Orbes,,anthropomorphic figure - warrior?,-0.184690704,0.003942274,0.011381374,-0.00211003,0.002395352,-0.026979046,-0.003198053,-0.005476257,-0.003723542,-0.00310439,-0.011027101,0.001970547,-0.000278231,0.006765195,0.003439619,-0.007064835,0.000523231,-0.001011447,-0.000126757,0.001008909,-0.002825253,0.001131466,0.000996133,0.002627244,3.74E-06,-0.001924819,8.82E-05,-0.003121842,9.00E-05,0.003059813,0.000741144,0.001261772,0.00401703,0.001907803,-0.002237153,-0.000504837,-0.00053783,-0.00151088,-0.000161622,5.49E-05,0.000343098,0.000461378,-0.000580571,-4.94E-05,-0.001719643,-0.003426598,7.45E-05,0.001350974,-0.000367642,-0.000515158,0.000837071,-0.000787192,0.000254627,8.08E-05,0.00132295,0.000362376,0.00015689,-0.000192674,0.000319176,4.86E-05,-0.000461654,0.000127477,0.000183979,0.001347498,0.000770773,-0.000143579,0.000166,1.95E-05,1.61E-05,0.000606035,8.97E-05,-0.000223731,-0.000336201,-0.000277502,-7.39E-05,-0.000417235,-0.000295254,6.86E-05,8.67E-05,5.47E-05,-4.24E-05,-5.35E-05,7.69E-05,5.72E-05,-1.17E-16
CA230722,CA230722,C13735,Piartal,no,Museo del Oro,Nariño,tenencia María Victoria Uribe,,interior paint - geometric,-0.24944495,0.022605247,0.077215959,-0.00698154,0.005098681,0.034798255,-0.009930665,-0.009057672,0.008569712,0.007892824,0.007231586,-0.009330133,0.002233573,-0.013621609,0.001309421,0.008053486,-0.009372057,0.003101186,0.001242052,0.004996065,-0.003250996,0.00089276,-0.001269986,-0.007174477,0.006660448,-0.000980651,-0.002736047,-0.001520273,-0.002491936,-0.002125122,-0.001150469,-0.000757679,0.002008002,0.001337509,-0.001203196,0.00329279,-0.00048889,-0.001095421,-0.000571327,0.000768945,0.000948687,0.000941649,0.000298363,0.001237866,0.00030822,-0.001986885,-0.000801887,-0.000626934,-0.000823074,-0.000575434,-0.000696813,0.00131156,-5.08E-05,0.000324071,0.000520661,-0.001220723,-0.000621477,-0.000144576,-0.000395346,-0.000255716,-0.000294402,0.000152101,-0.000151641,0.000155575,-0.000258464,0.000107854,-0.000576447,-0.00021179,0.000540708,0.000424283,-0.000123244,2.94E-05,-0.000179094,0.000304423,0.000315437,0.000336348,-0.000234711,-0.000140119,0.000137241,-0.000146897,-4.04E-05,-6.20E-05,6.44E-05,-0.000106547,-3.97E-17
CA230723,CA230723,C13737,Piartal,no,Museo del Oro,Nariño,tenencia María Victoria Uribe,,"diamond upper, pitting on the interior",-0.246696184,0.070879326,0.00414237,0.004200755,-0.00490269,0.031366553,-0.00290078,0.004128901,0.001720281,-0.012508239,0.017462367,-0.004638868,-0.000606486,0.003840161,0.014090195,0.006439444,0.005791434,-0.016328556,0.004380806,0.002739386,-0.004169746,-0.000630789,-0.01440735,0.003067241,-0.006145736,-0.006780078,-0.003827696,-0.002880228,0.013568874,0.003855728,-0.001978987,-0.001068709,0.000772864,-0.000195296,0.000726376,-0.000515003,0.000936096,-0.0011614,0.001043912,0.000353198,-0.000795799,0.000767553,0.000388956,0.000169229,0.000581513,-0.000240946,-0.000783023,-0.000314281,-0.000232044,-0.000216879,8.81E-05,0.000437621,-0.000436198,-0.000278762,-0.000320768,-0.000234196,0.000121464,-0.000120832,-0.000291264,0.000204818,0.000123069,-0.000128912,1.98E-05,2.29E-05,8.69E-05,-0.000194053,-8.93E-06,3.07E-05,9.11E-05,-0.000134638,0.00013181,9.05E-05,-1.87E-05,-2.77E-05,-1.73E-06,-3.80E-06,9.35E-05,-2.81E-05,-2.14E-05,-1.92E-05,-1.02E-05,2.52E-05,3.65E-05,2.76E-06,-3.59E-17
CA230724,CA230724,C13744,Tuza,no,Museo del Oro,Nariño,tenencia María Victoria Uribe,,"triangular design on interior, ladder on exterior",-0.142108036,-0.02340217,-0.011613057,0.013207833,0.005499054,-0.022982345,0.026290211,-0.000586985,-0.007312574,-0.001523162,-0.01077559,-0.000411949,0.001696425,0.002643439,8.83E-05,-0.006011947,-0.003852291,-0.006880688,-0.00048886,0.004090385,-0.0044341,0.000807993,-0.002863845,-0.000923295,0.006147471,-3.54E-05,0.00146758,-0.001492364,-0.000847318,-0.002385069,-0.001550735,-0.002224219,0.002713999,-0.001386108,0.000952737,-0.000474941,-0.00199617,0.002299919,-0.00194384,-0.000103666,0.000284146,0.000517491,0.001674649,-0.000174791,-0.001045641,0.000795384,-0.001057356,0.001241278,-0.001263838,-0.000146521,0.000104917,-0.000551939,0.001832841,-2.34E-07,-0.001772356,-0.000672597,-0.000781349,-0.000293446,0.000123918,-0.000339903,0.000124058,-0.000411149,-6.24E-05,-0.000524942,0.000109038,-0.000401811,-0.000730885,0.00032304,-0.000203372,0.000534274,0.000161275,0.000267356,-5.88E-05,-0.00017698,-0.000104381,-0.000122823,0.000288012,-0.000202258,-0.000121318,0.000166874,-4.45E-05,0.000177943,0.000106071,-5.25E-05,1.06E-17
CA230725,CA230725,C13747,Piartal,no,Museo del Oro,Nariño,tenencia María Victoria Uribe,,monkeys,-0.215569084,-0.083932467,0.195465549,-0.011382728,-0.009911714,-0.018357976,-0.009117258,-0.000926085,-0.001259203,0.060776669,-0.007573368,0.006377666,-0.000175358,-0.000577422,0.010657661,-0.005122914,-0.005347426,0.002216177,-0.000928568,-0.004862005,-0.005010429,-0.005729899,-0.002054104,0.000306283,-0.002310467,-0.003650887,-0.004059067,0.003847509,0.00011511,0.002847013,0.000162433,-0.001823592,-0.003632465,-0.003437127,-0.000647224,-0.000254814,0.000824276,-0.001829411,-0.000732172,0.000118139,-0.0008964,0.000601727,-0.001005902,-0.001251632,-0.00126878,-0.000279209,-0.000132519,-0.000397279,0.000543322,0.000227291,-0.000696897,-0.000483036,-0.000158294,-0.000693918,-0.001132341,0.000596496,7.16E-05,-0.00039082,0.000119749,-0.000671826,0.000141279,0.000303535,-0.000231909,-2.32E-06,-6.31E-05,4.38E-05,-0.000135585,-0.000227799,-5.68E-05,-5.35E-06,-0.000161174,-7.98E-05,2.35E-05,-3.61E-05,6.49E-05,4.59E-06,-2.95E-05,-8.13E-06,5.04E-05,8.19E-05,-2.83E-05,5.23E-05,1.77E-06,4.03E-05,-1.64E-16
CA230726,CA230726,C13751,Piartal,no,Museo del Oro,Nariño,tenencia María Victoria Uribe,,ladder motif,-0.239251842,0.034569645,0.025002012,0.004299958,0.006720926,0.035009533,0.004625468,-0.003764112,0.00304104,-0.002630696,0.005237325,0.005051767,-0.004445112,-0.00826773,0.00426585,0.004928619,0.00485393,-0.001360543,-0.003409209,-0.001149112,0.00171978,0.002997825,0.002050947,0.001515026,-0.001257478,-0.002196612,0.002531132,-0.002561423,-0.001839076,0.001884866,0.001418515,-0.003556678,-4.02E-05,3.05E-06,0.000902247,-0.001948582,-0.000990229,0.001897172,-0.002694095,-0.001102019,5.65E-05,-0.000969924,0.000306937,-0.000789633,-0.000370522,0.000159159,0.000193905,0.000582791,-0.002029809,-0.000594054,0.001836461,-0.000534547,0.000294944,0.001103465,-0.000528881,0.00072577,0.00051687,-0.000220014,-0.000283899,-0.000943402,-0.000429419,0.000762518,0.000200374,-0.000279287,-0.000206355,0.001133579,0.000179698,8.53E-05,-0.000314319,-0.000450652,1.12E-05,-0.000481826,2.22E-05,6.36E-05,0.000185818,-0.000106395,4.61E-05,-0.000213144,3.71E-05,-5.77E-05,-0.000188994,-0.000161568,8.39E-05,-3.65E-05,-9.58E-17
